<?xml version="1.0" encoding="UTF-8"?>

<!--
 =================================================================
  Licensed Materials - Property of IBM

  WebSphere Commerce

  (C) Copyright IBM Corp. 2007, 2010 All Rights Reserved.

  US Government Users Restricted Rights - Use, duplication or
  disclosure restricted by GSA ADP Schedule Contract with
  IBM Corp.
 =================================================================
-->

<!--
 ===============================================================================
 This Ant file is the sample WC configuration file synchronization script with
 local copy.
 ===============================================================================
-->

<project name="wcbd-sample-wc-server-sync-local" default="all">

	<available property="found.${ant.project.name}.properties"
	           file="${basedir}/${ant.project.name}.properties"
	           type="file" />
	<fail message="${basedir}/${ant.project.name}.properties does not exist."
	      unless="found.${ant.project.name}.properties" />
	<property file="${ant.project.name}.properties" />

	<!--
	 Runs the wc-server.xml synchronization process.
	-->
	<target name="all">
		<!-- Set up the timestamp for archival of ${wc.instance.name}.xml -->
		<tstamp>
			<format property="archive.tstamp" pattern="yyyyMMddhhmmss" />
		</tstamp>

		<mkdir dir="${working.wc.server.archive.dir}" />

		<!-- Copy ${wc.instance.name}.xml and archive it -->
		<copy file="${wc.home}/instances/${wc.instance.name}/xml/${wc.instance.name}.xml"
		      tofile="${working.wc.server.archive.dir}/${wc.instance.name}_${archive.tstamp}.xml" />

		<!-- Update ${wc.instance.name}.xml  -->
		<copy file="${working.wc.server.dir}/wc-server.xml"
		      tofile="${wc.home}/instances/${wc.instance.name}/xml/${wc.instance.name}.xml" />
	</target>

</project>
