<?xml version="1.0" encoding="UTF-8"?>

<!--
 =================================================================
  Licensed Materials - Property of IBM

  WebSphere Commerce

  (C) Copyright IBM Corp. 2007, 2010 All Rights Reserved.

  US Government Users Restricted Rights - Use, duplication or
  disclosure restricted by GSA ADP Schedule Contract with
  IBM Corp.
 =================================================================
-->

<!--
 ===============================================================================
 This Ant file is the sample WC configuration file synchronization script via
 FTP.
 ===============================================================================
-->

<project name="wcbd-sample-wc-server-sync-ftp" default="all">

	<available property="found.${ant.project.name}.properties"
	           file="${basedir}/${ant.project.name}.properties"
	           type="file" />
	<fail message="${basedir}/${ant.project.name}.properties does not exist."
	      unless="found.${ant.project.name}.properties" />
	<property file="${ant.project.name}.properties" />

	<encodeProperties file="${ant.project.name}.private.properties" />
	<decodeLoadProperties file="${ant.project.name}.private.properties" />

	<!--
	 Runs the wc-server.xml synchronization process.
	-->
	<target name="all">
		<!--
		 For more info about the <ftp> task, refer to the Apache Ant manual.
		-->

		<!-- Set up the timestamp for archival of ${wc.instance.name}.xml -->
		<tstamp>
			<format property="archive.tstamp" pattern="yyyyMMddhhmmss" />
		</tstamp>

		<mkdir dir="${working.wc.server.archive.dir}" />

		<!-- Download ${wc.instance.name}.xml and archive it -->
		<ftp server="${ftp.server}"
		     userid="${ftp.user.id}"
		     port="${ftp.port}"
		     password="${ftp.password}"
		     action="get"
		     remotedir="${ftp.remote.dir}">
			<fileset dir="${working.wc.server.archive.dir}"
			         includes="${wc.instance.name}.xml" />
		</ftp>

		<move file="${working.wc.server.archive.dir}/${wc.instance.name}.xml"
		      tofile="${working.wc.server.archive.dir}/${wc.instance.name}_${archive.tstamp}.xml" />

		<!-- Rename wc-server.xml to ${wc.instance.name}.xml before transfer -->
		<move file="${working.wc.server.dir}/wc-server.xml"
		      tofile="${working.wc.server.dir}/${wc.instance.name}.xml"
		      overwrite="true" />

		<!-- Upload wc-server.xml as ${wc.instance.name}.xml onto WC host -->
		<ftp server="${ftp.server}"
		     userid="${ftp.user.id}"
		     port="${ftp.port}"
		     password="${ftp.password}"
		     action="put"
		     depends="true"
		     remotedir="${ftp.remote.dir}">
			<fileset file="${working.wc.server.dir}/${wc.instance.name}.xml" />
		</ftp>
	</target>

</project>
