<?xml version="1.0" encoding="UTF-8"?>

<!--
 =================================================================
  Licensed Materials - Property of IBM

  WebSphere Commerce

  (C) Copyright IBM Corp. 2010 All Rights Reserved.

  US Government Users Restricted Rights - Use, duplication or
  disclosure restricted by GSA ADP Schedule Contract with
  IBM Corp.
 =================================================================
-->

<!--
 ===============================================================================
 This Ant file is the sample data load utility customization deployment script
 via FTP.
 ===============================================================================
-->

<project name="wcbd-sample-dataload-cust-deploy-ftp" default="all">

	<available property="found.${ant.project.name}.properties"
	           file="${basedir}/${ant.project.name}.properties"
	           type="file" />
	<fail message="${basedir}/${ant.project.name}.properties does not exist."
	      unless="found.${ant.project.name}.properties" />
	<property file="${ant.project.name}.properties" />

	<encodeProperties file="${ant.project.name}.private.properties" />
	<decodeLoadProperties file="${ant.project.name}.private.properties" />

	<!--
	 Runs the data load utility customization deployment process.
	-->
	<target name="all">
		<!--
		 For more info about the <ftp> task, refer to the Apache Ant manual.
		-->

		<!-- Create the necessary directories onto the remote WC server -->
		<ftp server="${ftp.server}"
		     userid="${ftp.user.id}"
		     port="${ftp.port}"
		     password="${ftp.password}"
		     action="mkdir"
		     depends="true"
		     remotedir="${ftp.remote.dir}/ext/lib" />
		<ftp server="${ftp.server}"
		     userid="${ftp.user.id}"
		     port="${ftp.port}"
		     password="${ftp.password}"
		     action="mkdir"
		     depends="true"
		     remotedir="${ftp.remote.dir}/instances/${wc.instance.name}/xml/config" />

		<!-- Upload the customization onto the remote WC server -->
		<ftp server="${ftp.server}"
		     userid="${ftp.user.id}"
		     port="${ftp.port}"
		     password="${ftp.password}"
		     action="put"
		     depends="true"
		     remotedir="${ftp.remote.dir}/ext/lib">
			<fileset dir="${ear.dir}"
			         includes="${dataload.cust.deploy.java.module.includes}" />
		</ftp>
		<ftp server="${ftp.server}"
		     userid="${ftp.user.id}"
		     port="${ftp.port}"
		     password="${ftp.password}"
		     action="put"
		     depends="true"
		     remotedir="${ftp.remote.dir}/instances/${wc.instance.name}/xml/config">
			<fileset dir="${ear.dir}/xml/config"
			         includes="${dataload.cust.deploy.dsl.config.includes}" />
		</ftp>
	</target>

</project>
