<?xml version="1.0" encoding="UTF-8"?>

<!--
 =================================================================
  Licensed Materials - Property of IBM

  WebSphere Commerce

  (C) Copyright IBM Corp. 2010 All Rights Reserved.

  US Government Users Restricted Rights - Use, duplication or
  disclosure restricted by GSA ADP Schedule Contract with
  IBM Corp.
 =================================================================
-->

<!--
 ===============================================================================
 This Ant file is the sample data load utility customization deployment script
 with local copy.
 ===============================================================================
-->

<project name="wcbd-sample-dataload-cust-deploy-local" default="all">

	<available property="found.${ant.project.name}.properties"
	           file="${basedir}/${ant.project.name}.properties"
	           type="file" />
	<fail message="${basedir}/${ant.project.name}.properties does not exist."
	      unless="found.${ant.project.name}.properties" />
	<property file="${ant.project.name}.properties" />

	<!--
	 Runs the data load utility customization deployment process.
	-->
	<target name="all">
		<!-- Copy the customization onto the remote WC server -->
		<copy todir="${wc.home}/ext/lib">
			<fileset dir="${ear.dir}"
			         includes="${dataload.cust.deploy.java.module.includes}" />
		</copy>
		<copy todir="${wc.home}/instances/${wc.instance.name}/xml/config">
			<fileset dir="${ear.dir}/xml/config"
			         includes="${dataload.cust.deploy.dsl.config.includes}" />
		</copy>
	</target>

</project>
