<?xml version="1.0" encoding="UTF-8"?>

<!--
 =================================================================
  Licensed Materials - Property of IBM

  WebSphere Commerce

  (C) Copyright IBM Corp. 2010 All Rights Reserved.

  US Government Users Restricted Rights - Use, duplication or
  disclosure restricted by GSA ADP Schedule Contract with
  IBM Corp.
 =================================================================
-->

<!--
 ===============================================================================
 This Ant file is the sample data load utility customization deployment script
 via SCP.
 ===============================================================================
-->

<project name="wcbd-sample-dataload-cust-deploy-scp" default="all">

	<available property="found.${ant.project.name}.properties"
	           file="${basedir}/${ant.project.name}.properties"
	           type="file" />
	<fail message="${basedir}/${ant.project.name}.properties does not exist."
	      unless="found.${ant.project.name}.properties" />
	<property file="${ant.project.name}.properties" />

	<encodeProperties file="${ant.project.name}.private.properties" />
	<decodeLoadProperties file="${ant.project.name}.private.properties" />

	<!--
	 Runs the data load utility customization deployment process.
	-->
	<target name="all">
		<!--
         For more info about the <scp> task, refer to the Apache Ant manual.
        -->

		<!-- Create the necessary directories onto the remote WC server -->
		<if>
			<istrue value="${use.key}" />
			<then>
				<sshexec host="${scp.server}"
				         username="${scp.user.id}"
				         password="${scp.password}"
				         port="${scp.port}"
				         keyfile="${scp.keyfile}"
				         passphrase="${scp.passphrase}"
				         trust="${scp.trust}"
				         knownhosts="${scp.knownhosts}"
				         command="mkdir -p ${scp.remote.dir}/ext/lib" />
				<sshexec host="${scp.server}"
				         username="${scp.user.id}"
				         password="${scp.password}"
				         port="${scp.port}"
				         keyfile="${scp.keyfile}"
				         passphrase="${scp.passphrase}"
				         trust="${scp.trust}"
				         knownhosts="${scp.knownhosts}"
				         command="mkdir -p ${scp.remote.dir}/instances/${wc.instance.name}/xml/config" />
			</then>
			<else>
				<sshexec host="${scp.server}"
				         username="${scp.user.id}"
				         password="${scp.password}"
				         port="${scp.port}"
				         trust="${scp.trust}"
				         knownhosts="${scp.knownhosts}"
				         command="mkdir -p ${scp.remote.dir}/ext/lib" />
				<sshexec host="${scp.server}"
				         username="${scp.user.id}"
				         password="${scp.password}"
				         port="${scp.port}"
				         trust="${scp.trust}"
				         knownhosts="${scp.knownhosts}"
				         command="mkdir -p ${scp.remote.dir}/instances/${wc.instance.name}/xml/config" />
			</else>
		</if>

		<!-- Upload the customization onto the remote WC server -->
		<if>
			<istrue value="${use.key}" />
			<then>
				<scp todir="${scp.user.id}:${scp.password}@${scp.server}:${scp.remote.dir}/ext/lib"
				     port="${scp.port}"
				     keyfile="${scp.keyfile}"
				     passphrase="${scp.passphrase}"
				     trust="${scp.trust}"
				     knownhosts="${scp.knownhosts}">
					<fileset dir="${ear.dir}"
					         includes="${dataload.cust.deploy.java.module.includes}" />
				</scp>
				<scp todir="${scp.user.id}:${scp.password}@${scp.server}:${scp.remote.dir}/instances/${wc.instance.name}/xml/config"
				     port="${scp.port}"
				     keyfile="${scp.keyfile}"
				     passphrase="${scp.passphrase}"
				     trust="${scp.trust}"
				     knownhosts="${scp.knownhosts}">
					<fileset dir="${ear.dir}/xml/config"
					         includes="${dataload.cust.deploy.dsl.config.includes}" />
				</scp>
			</then>
			<else>
				<scp todir="${scp.user.id}:${scp.password}@${scp.server}:${scp.remote.dir}/ext/lib"
				     port="${scp.port}"
				     trust="${scp.trust}"
				     knownhosts="${scp.knownhosts}">
					<fileset dir="${ear.dir}"
					         includes="${dataload.cust.deploy.java.module.includes}" />
				</scp>
				<scp todir="${scp.user.id}:${scp.password}@${scp.server}:${scp.remote.dir}/instances/${wc.instance.name}/xml/config"
				     port="${scp.port}"
				     trust="${scp.trust}"
				     knownhosts="${scp.knownhosts}">
					<fileset dir="${ear.dir}/xml/config"
					         includes="${dataload.cust.deploy.dsl.config.includes}" />
				</scp>
			</else>
		</if>
	</target>

</project>
