<?xml version="1.0" encoding="UTF-8"?>

<!--
 =================================================================
  Licensed Materials - Property of IBM

  WebSphere Commerce

  (C) Copyright IBM Corp. 2007, 2011 All Rights Reserved.

  US Government Users Restricted Rights - Use, duplication or
  disclosure restricted by GSA ADP Schedule Contract with
  IBM Corp.
 =================================================================
-->

<!--
 ===============================================================================
 This Ant file is the sample static web server assets deployment script via FTP.
 ===============================================================================
-->

<project name="wcbd-sample-static-web-deploy-ftp" default="all">

	<available property="found.${ant.project.name}.properties"
	           file="${basedir}/${ant.project.name}.properties"
	           type="file" />
	<fail message="${basedir}/${ant.project.name}.properties does not exist."
	      unless="found.${ant.project.name}.properties" />
	<property file="${ant.project.name}.properties" />

	<encodeProperties file="${ant.project.name}.private.properties" />
	<decodeLoadProperties file="${ant.project.name}.private.properties" />

	<!--
	 Runs the static web server assets deployment process.
	-->
	<target name="all">
		<!--
		 For more info about the <ftp> task, refer to the Apache Ant manual.
		-->
		<ftp server="${ftp.server}"
		     userid="${ftp.user.id}"
		     port="${ftp.port}"
		     password="${ftp.password}"
		     action="put"
		     depends="true"
		     remotedir="${ftp.remote.dir}">
			<fileset dir="${static.web.dir}"
			         includes="${static.web.dir.includes}"
			         excludes="${static.web.dir.excludes}" />
		</ftp>
		<if>
			<and>
				<istrue value="${delta.mode}" />
				<available file="${static.web.dir}/delta-delete-includes.txt"
				           type="file" />
			</and>
			<then>
				<ftp server="${ftp.server}"
				     userid="${ftp.user.id}"
				     port="${ftp.port}"
				     password="${ftp.password}"
				     action="delete"
				     depends="true"
				     remotedir="${ftp.remote.dir}">
					<fileset includesfile="${static.web.dir}/delta-delete-includes.txt" />
				</ftp>
			</then>
		</if>
	</target>

</project>
