<?xml version="1.0" encoding="UTF-8"?>

<!--
 =================================================================
  Licensed Materials - Property of IBM

  WebSphere Commerce

  (C) Copyright IBM Corp. 2007, 2011 All Rights Reserved.

  US Government Users Restricted Rights - Use, duplication or
  disclosure restricted by GSA ADP Schedule Contract with
  IBM Corp.
 =================================================================
-->

<!--
 ===============================================================================
 This Ant file is the sample static web server assets deployment script via SCP.
 ===============================================================================
-->

<project name="wcbd-sample-static-web-deploy-scp" default="all">

	<available property="found.${ant.project.name}.properties"
	           file="${basedir}/${ant.project.name}.properties"
	           type="file" />
	<fail message="${basedir}/${ant.project.name}.properties does not exist."
	      unless="found.${ant.project.name}.properties" />
	<property file="${ant.project.name}.properties" />

	<encodeProperties file="${ant.project.name}.private.properties" />
	<decodeLoadProperties file="${ant.project.name}.private.properties" />

	<!--
	 Runs the static web server assets deployment process.
	-->
	<target name="all">
		<!--
		 For more info about the <scp> task, refer to the Apache Ant manual.
		-->
		<if>
			<istrue value="${use.key}" />
			<then>
				<scp todir="${scp.user.id}:${scp.password}@${scp.server}:${scp.remote.dir}"
				     port="${scp.port}"
				     keyfile="${scp.keyfile}"
				     passphrase="${scp.passphrase}"
				     trust="${scp.trust}"
				     knownhosts="${scp.knownhosts}">
					<fileset dir="${static.web.dir}"
					         includes="${static.web.dir.includes}"
					         excludes="${static.web.dir.excludes}" />
				</scp>
			</then>
			<else>
				<scp todir="${scp.user.id}:${scp.password}@${scp.server}:${scp.remote.dir}"
				     port="${scp.port}"
				     trust="${scp.trust}"
				     knownhosts="${scp.knownhosts}">
					<fileset dir="${static.web.dir}"
					         includes="${static.web.dir.includes}"
					         excludes="${static.web.dir.excludes}" />
				</scp>
			</else>
		</if>
		<if>
			<and>
				<istrue value="${delta.mode}" />
				<available file="${static.web.dir}/delta-delete-includes.txt"
				           type="file" />
			</and>
			<then>
				<if>
					<istrue value="${use.key}" />
					<then>
						<sshexec host="${scp.server}"
						         username="${scp.user.id}"
						         password="${scp.password}"
						         port="${scp.port}"
						         keyfile="${scp.keyfile}"
						         passphrase="${scp.passphrase}"
						         trust="${scp.trust}"
						         knownhosts="${scp.knownhosts}"
						         command="cd ${scp.remote.dir}; cat delta-delete-includes.txt | xargs rm -fr" />
					</then>
					<else>
						<sshexec host="${scp.server}"
						         username="${scp.user.id}"
						         password="${scp.password}"
						         port="${scp.port}"
						         trust="${scp.trust}"
						         knownhosts="${scp.knownhosts}"
						         command="cd ${scp.remote.dir}; cat delta-delete-includes.txt | xargs rm -fr" />
					</else>
				</if>
			</then>
		</if>
	</target>

</project>
