<?xml version="1.0" encoding="UTF-8"?>

<!--
 =================================================================
  Licensed Materials - Property of IBM

  WebSphere Commerce

  (C) Copyright IBM Corp. 2007, 2011 All Rights Reserved.

  US Government Users Restricted Rights - Use, duplication or
  disclosure restricted by GSA ADP Schedule Contract with
  IBM Corp.
 =================================================================
-->

<!--
 ===============================================================================
 This Ant file is the sample static web server assets deployment script with
 local copy.
 ===============================================================================
-->

<project name="wcbd-sample-static-web-deploy-local" default="all">

	<available property="found.${ant.project.name}.properties"
	           file="${basedir}/${ant.project.name}.properties"
	           type="file" />
	<fail message="${basedir}/${ant.project.name}.properties does not exist."
	      unless="found.${ant.project.name}.properties" />
	<property file="${ant.project.name}.properties" />

	<!--
	 Runs the static web server assets deployment process.
	-->
	<target name="all">
		<if>
			<istrue value="${clean.web.root.dir}" />
			<then>
				<delete dir="${web.root.dir}" />
				<mkdir dir="${web.root.dir}" />
			</then>
		</if>
		<copy todir="${web.root.dir}" preservelastmodified="true">
			<fileset dir="${static.web.dir}"
			         includes="${static.web.dir.includes}"
			         excludes="${static.web.dir.excludes}" />
		</copy>
		<if>
			<and>
				<istrue value="${delta.mode}" />
				<available file="${static.web.dir}/delta-delete-includes.txt"
				           type="file" />
			</and>
			<then>
				<delete includeemptydirs="true">
					<fileset dir="${web.root.dir}"
					         includesfile="${web.root.dir}/delta-delete-includes.txt" />
				</delete>
			</then>
		</if>
	</target>

</project>
