<?xml version="1.0" encoding="UTF-8"?>

<!--
 =================================================================
  Licensed Materials - Property of IBM

  WebSphere Commerce

  (C) Copyright IBM Corp. 2013 All Rights Reserved.

  US Government Users Restricted Rights - Use, duplication or
  disclosure restricted by GSA ADP Schedule Contract with
  IBM Corp.
 =================================================================
-->

<project name="wcbd-build-wc-classpath">
	<!-- Detect WC installation type and set classpath as appropriate -->
	<loadfile srcfile="${wc.home}/properties/version/COMMERCE.product"
	          property="product.file.str" />
	<if>
		<contains string="${product.file.str}" substring="wc.server" />
		<then>
			<path id="wc.ear.compile.class.path">
				<fileset dir="${wc.home}/wc.ear">
					<include name="**/Enablement-BaseComponentsLogic.jar" />
					<include name="**/Enablement-BusinessContextEngineAdvancedLogic.jar" />
					<include name="**/Enablement-BusinessContextEngineLogic.jar" />
					<include name="**/Foundation-DataObjects.jar" />				
					<include name="**/Foundation-Core.jar" />
					<include name="**/Foundation-Extension.jar" />
                	<include name="**/Foundation-Server.jar" />				
				</fileset>
			</path>
		</then>
		<else>
			<path id="wc.ear.compile.class.path">
				<fileset dir="${wc.home}/wc.modules/workspace/WC" >
					<include name="**/Enablement-BaseComponentsLogic.jar" />
					<include name="**/Enablement-BusinessContextEngineAdvancedLogic.jar" />
					<include name="**/Enablement-BusinessContextEngineLogic.jar" />
					<include name="**/Foundation-DataObjects.jar" />				
					<include name="**/Foundation-Core.jar" />
					<include name="**/Foundation-Extension.jar" />
                	<include name="**/Foundation-Server.jar" />				
				</fileset>
			</path>
		</else>
	</if>
	
	<!-- Classpath used to compile Java code -->
	<path id="compile.class.path">
		<pathelement location="${working.compile.dir}/global.jar" />
		<dirset dir="${module.dir}" includes="*/*/WEB-INF/classes" />
		<fileset dir="${module.dir}">
			<include name="**/*.jar" />
			<include name="**/*.rar" />
			<include name="**/*.zip" />
		</fileset>
		<fileset dir="${unit.test.lib.dir}">
			<include name="**/*.jar" />
			<include name="**/*.zip" />
		</fileset>
		<pathelement path="${ext.compile.class.path}" />
		<path refid="wc.ear.compile.class.path" />
		<dirset dir="${wc.home}">
			<include name="components/foundation/subcomponents/search/search.ear/*.war/WEB-INF/classes" />
			<present present="srconly" targetdir="${module.dir}">
				<mapper type="regexp"
				        from="components[/\\].+?[/\\]search\.ear[/\\](.+?)\.war[/\\](.*)"
				        to="\1/WebContent/\2" />
			</present>
		</dirset>
		<fileset dir="${wc.home}/components/foundation/wc.ear" >
			<include name="**/Foundation-Core-FEP.jar" />
			<include name="**/Foundation-DataImport.jar" />		
			<include name="**/Foundation-Extension-FEP.jar" />				
			<include name="**/Foundation-Server-FEP.jar" />
			<include name="**/Rest-Core.jar" />
		</fileset>
		<fileset dir="${wc.home}">
			<include name="components/foundation/subcomponents/search/search.ear/**/*.jar" />
			<include name="components/foundation/subcomponents/search/search.ear/**/*.zip" />
			<present present="srconly" targetdir="${module.dir}">
				<mapper type="regexp"
				        from="components[/\\].+?[/\\]search\.ear[/\\](.*)"
				        to="Search/\1" />
			</present>
		</fileset>
		<path refid="was.class.path" />
	</path>
</project>
