<?xml version="1.0" encoding="UTF-8"?>

<!--
 =================================================================
  Licensed Materials - Property of IBM

  WebSphere Commerce

  (C) Copyright IBM Corp. 2011 All Rights Reserved.

  US Government Users Restricted Rights - Use, duplication or
  disclosure restricted by GSA ADP Schedule Contract with
  IBM Corp.
 =================================================================
-->

<!--
 ===============================================================================
 This Ant file is the default WCBD server delta deployment script.
 ===============================================================================
-->

<!--
 ===============================================================================
 CUSTOMIZATION: Make a copy of this file as <project>-delta-deploy.xml and
 follow the other CUSTOMIZATION comments in this file.
 ===============================================================================
-->
<project name="wcbd-delta-deploy" default="all">

	<!-- DO NOT change the order of of the following load and import below -->

	<!-- Define WCBD tasks for validation -->
	<path id="init.wcbd.ant.class.path">
		<pathelement location="${basedir}/lib/icu4j.jar" />
		<pathelement location="${basedir}/lib/wcbd-ant.jar" />
		<!--
		 Include the folder that contains the resource bundles for messages
		 printed in the classpath
		-->
		<pathelement location="${basedir}/properties" />
	</path>

	<taskdef name="init.failNL"
	         classname="com.ibm.commerce.wcbd.ant.taskdefs.FailNL"
	         classpathref="init.wcbd.ant.class.path" />
	<taskdef name="init.validateProperty"
	         classname="com.ibm.commerce.wcbd.ant.taskdefs.ValidateProperty"
	         classpathref="init.wcbd.ant.class.path" />

	<!-- Load the required target environment properties file -->
	<init.validateProperty property="target.env" trim="true" nonempty="true" />
	<init.failNL bundle="wcbd-deploy-messages" key="ERR_FILE_NOT_FOUND">
		<arg value="${basedir}/deploy-${target.env}.properties" />
		<condition>
			<not>
				<available file="${basedir}/deploy-${target.env}.properties"
				           type="file" />
			</not>
		</condition>
	</init.failNL>
	<property file="${basedir}/deploy-${target.env}.properties" />
	<init.failNL bundle="wcbd-deploy-messages" key="ERR_FILE_NOT_FOUND">
		<arg value="${baseline.properties.file}" />
		<condition>
			<not>
				<available file="${baseline.properties.file}" type="file" />
			</not>
		</condition>
	</init.failNL>
	<property file="${baseline.properties.file}" />
	<init.validateProperty property="baseline.dir"
	                       trim="true"
	                       nonempty="true"
	                       fileExist="true" />

	<!--
	 ===========================================================================
	 CUSTOMIZATION: Import <project>-deploy-common.xml instead of
	 wcbd-deploy-common.xml if available, so targets are added and overridden as
	 per specification of the Ant <import> task.
	 ===========================================================================
	-->
	<!-- Import the WCBD common deployment Ant file -->
	<import file="${basedir}/wcbd-deploy-common.xml" />

	<!-- Create the log directory -->
	<mkdir dir="${delta.log.dir}" />

	<!--
	 Runs the delta deployment process.
	-->
	<target name="all">
		<ant antfile="${ant.file}"
		     target="delta.deploy"
		     output="${delta.deploy.log.file}" />
	</target>


	<!--
	 Performs the actual delta deployment tasks.
	-->
	<target name="delta.deploy">
		<ant antfile="${basedir}/wcbd-delta-prepare.xml" inheritall="false">
			<property name="baseline.dir" value="${baseline.dir}" />
			<property name="target.env" value="${target.env}" />
		</ant>
		<ant antfile="${basedir}/wcbd-deploy.xml" inheritall="false">
			<property name="delta.mode" value="true" />
			<property name="target.env" value="${target.env}" />
		</ant>
		<propertyfile file="${baseline.properties.file}">
			<entry key="baseline.dir" value="${basedir}" />
		</propertyfile>
	</target>

</project>
