<?xml version="1.0" encoding="UTF-8"?>

<!--
 =================================================================
  Licensed Materials - Property of IBM

  WebSphere Commerce

  (C) Copyright IBM Corp. 2013, 2016 All Rights Reserved.

  US Government Users Restricted Rights - Use, duplication or
  disclosure restricted by GSA ADP Schedule Contract with
  IBM Corp.
 =================================================================
-->

<project name="wcbd-build-wc-classpath">
	<!-- Detect WC installation type and set classpath as appropriate -->
	<loadfile srcfile="${wc.home}/properties/version/COMMERCE.product" property="product.file.str" />
	<if>
		<contains string="${product.file.str}" substring="wc.server" />
		<then>
			<path id="wc.ear.compile.class.path">
				<dirset dir="${wc.home}">
					<include name="wc.ear/*.rar" />
					<present present="srconly" targetdir="${module.dir}">
						<mapper type="regexp" from="wc\.ear[/\\](.*)" to="WC/\1" />
					</present>
				</dirset>
				<dirset dir="${wc.home}">
					<include name="wc.ear/*.war/WEB-INF/classes" />
					<present present="srconly" targetdir="${module.dir}">
						<mapper type="regexp" from="wc\.ear[/\\](.+?)\.war[/\\](.*)" to="\1/WebContent/\2" />
					</present>
				</dirset>
				<pathelement path="${wc.home}/wc.ear/lib/*" />
				<fileset dir="${wc.home}">
					<exclude name="wc.ear/*.war/**" />
					<exclude name="wc.ear/lib/loader/dbconnect.zip" />
					<exclude name="wc.ear/lib/*.jar" />
					<include name="wc.ear/**/*.jar" />
					<include name="wc.ear/**/*.zip" />
					<present present="srconly" targetdir="${module.dir}">
						<mapper type="regexp" from="wc\.ear[/\\](.*)" to="WC/\1" />
					</present>
				</fileset>
				<fileset dir="${wc.home}">
					<include name="wc.ear.ext/${db.type}/ejbs/*.jar" />
					<present present="srconly" targetdir="${module.dir}">
						<mapper type="regexp" from="wc\.ear\.ext[/\\].+?[/\\]ejbs[/\\](.*)" to="WC/\1" />
					</present>
				</fileset>
				<fileset dir="${wc.home}">
					<include name="wc.ear.ext/${db.type}/loader/dbconnect.zip" />
					<present present="srconly" targetdir="${module.dir}">
						<mapper type="regexp" from="wc\.ear\.ext[/\\].+?[/\\]loader[/\\](.*)" to="WC/lib/loader/\1" />
					</present>
				</fileset>
				<fileset dir="${wc.home}">
					<include name="wc.ear/*.war/WEB-INF/lib/**/*.jar" />
					<include name="wc.ear/*.war/WEB-INF/lib/**/*.zip" />
					<present present="srconly" targetdir="${module.dir}">
						<mapper type="regexp" from="wc\.ear[/\\](.+?)\.war[/\\](.*)" to="\1/WebContent/\2" />
					</present>
				</fileset>
			</path>
		</then>
		<else>
			<condition property="toolkit.db.type" value="iSeries" else="${db.type}">
				<equals arg1="${db.type}" arg2="os400" />
			</condition>
			<path id="wc.ear.compile.class.path">
				<dirset dir="${wc.home}">
					<include name="wc.modules/**/WebContent/WEB-INF/classes" />
					<present present="srconly" targetdir="${module.dir}">
						<mapper type="regexp" from="wc\.modules[/\\].+?[/\\](.*)" to="\1" />
					</present>
				</dirset>
				<fileset dir="${wc.home}">
					<include name="wc.modules/ejbs/${toolkit.db.type}/*.jar" />
					<present present="srconly" targetdir="${module.dir}">
						<mapper type="regexp" from="wc\.modules[/\\]ejbs[/\\].+?[/\\](.*)" to="WC/\1" />
					</present>
				</fileset>
				<fileset dir="${wc.home}">
					<include name="wc.modules/loader/${toolkit.db.type}/dbconnect.zip" />
					<present present="srconly" targetdir="${module.dir}">
						<mapper type="regexp" from="wc\.modules[/\\]loader[/\\].+?[/\\](.*)" to="WC/lib/loader/\1" />
					</present>
				</fileset>
				<pathelement path="${wc.home}/wc.modules/workspace/WC/lib/*" />
				<fileset dir="${wc.home}">
					<exclude name="wc.modules/**/WebContent/**" />
					<exclude name="wc.modules/workspace/WC/lib/loader/dbconnect.zip" />
					<exclude name="wc.modules/workspace/WC/lib/*.jar" />
					<include name="wc.modules/workspace/**/*.jar" />
					<include name="wc.modules/workspace/**/*.rar" />
					<include name="wc.modules/workspace/**/*.zip" />
					<present present="srconly" targetdir="${module.dir}">
						<mapper type="regexp" from="wc\.modules[/\\]workspace[/\\](.*)" to="\1" />
					</present>
				</fileset>
				<fileset dir="${wc.home}">
					<include name="wc.modules/**/WebContent/WEB-INF/lib/**/*.jar" />
					<include name="wc.modules/**/WebContent/WEB-INF/lib/**/*.zip" />
					<present present="srconly" targetdir="${module.dir}">
						<mapper type="regexp" from="wc\.modules[/\\].+?[/\\](.*)" to="\1" />
					</present>
				</fileset>
			</path>
		</else>
	</if>

	<!-- Classpath used to compile Java code -->
	<path id="compile.class.path">
		<pathelement location="${working.compile.dir}/global.jar" />
		<dirset dir="${module.dir}" includes="*/*/WEB-INF/classes" />
		<fileset dir="${module.dir}">
			<include name="**/*.jar" />
			<include name="**/*.rar" />
			<include name="**/*.zip" />
		</fileset>
		<fileset dir="${unit.test.lib.dir}">
			<include name="**/*.jar" />
			<include name="**/*.zip" />
		</fileset>
		<pathelement path="${ext.compile.class.path}" />
		<path refid="wc.ear.compile.class.path" />
		<pathelement path="${was.home}/lib/*" />
		<pathelement path="${was.home}/lib/WMQ/ra/wmq.jmsra.rar" />
		<pathelement path="${was.home}/plugins/*" />
	</path>

</project>
