<?xml version="1.0" encoding="UTF-8"?>

<!--
 =================================================================
  Licensed Materials - Property of IBM

  WebSphere Commerce

  (C) Copyright IBM Corp. 2007, 2013 All Rights Reserved.

  US Government Users Restricted Rights - Use, duplication or
  disclosure restricted by GSA ADP Schedule Contract with
  IBM Corp.
 =================================================================
-->

<!--
 ===============================================================================
 This Ant file provides helper targets for the WCBD server deployment process.
 ===============================================================================
-->

<!--
 ===============================================================================
 CUSTOMIZATION: Create an Ant build file called <project>-deploy-common.xml,
 then import this file to access targets in this file for use or extension. DO
 NOT modify this file directly.
 ===============================================================================
-->
<project name="wcbd-deploy-common">

  <!-- Define Ant-Contrib tasks -->
  <taskdef resource="net/sf/antcontrib/antlib.xml" />

  <!-- Classpath of required WAS libraries -->
  <path id="was.class.path">
    <fileset dir="${was.home}">
      <include name="lib/**/*.jar" />
      <include name="plugins/**/*.jar" />
    </fileset>
  </path>

  <!--
   Detect WC installation type and set loader utilities and Data Load utility
   classpath as appropriate
  -->
  <loadfile srcfile="${wc.home}/properties/version/COMMERCE.product"
            property="product.file.str" />
  <if>
    <contains string="${product.file.str}" substring="wc.server" />
    <then>
      <property name="wc.loader.properties.dir" value="${wc.home}/properties" />
      <path id="wc.loader.class.path">
        <fileset dir="${was.home}">
          <include name="lib/j2ee.jar" />
          <include name="plugins/com.ibm.ws.runtime.jar" />
        </fileset>
        <fileset dir="${wc.home}">
          <exclude name="lib/loader/dbconnect.zip" />
          <include name="lib/Utilities.jar" />
          <include name="lib/ConfigManager.jar" />
          <include name="lib/icu4j.zip" />
          <include name="lib/loader/*.zip" />
          <include name="wc.ear/Enablement-BaseComponentsLogic.jar" />
          <include name="wc.ear/Enablement-BusinessContextEngineAdvancedLogic.jar" />
          <include name="wc.ear.ext/${db.type}/ejbs/Enablement-BaseComponentsData.jar" />
          <include name="wc.ear.ext/${db.type}/loader/dbconnect.zip" />
        </fileset>
        <pathelement location="${wc.loader.properties.dir}" />
        <pathelement location="${wc.home}/xml/loader" />
        <pathelement path="${jdbc.driver.path}" />
      </path>
      <path id="wc.ear.dataload.class.path">
        <fileset dir="${wc.home}">
          <include name="wc.ear/**/*.jar" />
          <present present="srconly" targetdir="${full.module.dir}">
            <mapper type="regexp" from="wc\.ear[/\\](.*)" to="\1" />
          </present>
        </fileset>
        <fileset dir="${wc.home}">
          <include name="wc.ear.ext/${db.type}/ejbs/*.jar" />
          <present present="srconly" targetdir="${full.module.dir}">
            <mapper type="regexp"
                    from="wc\.ear\.ext[/\\].+?[/\\]ejbs[/\\](.*)"
                    to="\1" />
          </present>
        </fileset>
        <pathelement location="${wc.home}/wc.ear/xml" />
      </path>
    </then>
    <else>
      <condition property="toolkit.db.type"
                 value="iSeries"
                 else="${db.type}">
        <equals arg1="${db.type}" arg2="os400" />
      </condition>
      <property name="wc.loader.properties.dir"
                value="${wc.home}/workspace/WC/properties" />
      <path id="wc.loader.class.path">
        <fileset dir="${was.home}">
          <include name="lib/j2ee.jar" />
          <include name="plugins/com.ibm.ws.runtime.jar" />
        </fileset>
        <fileset dir="${wc.home}">
          <exclude name="workspace/WC/lib/loader/dbconnect.zip" />
          <include name="lib/Utilities.jar" />
          <include name="wc.modules/ejbs/${toolkit.db.type}/Enablement-BaseComponentsData.jar" />
          <include name="wc.modules/loader/${toolkit.db.type}/dbconnect.zip" />
          <include name="workspace/WC/Enablement-BaseComponentsLogic.jar" />
          <include name="workspace/WC/Enablement-BusinessContextEngineAdvancedLogic.jar" />
          <include name="workspace/WC/lib/icu4j.zip" />
          <include name="workspace/WC/lib/loader/*.zip" />
        </fileset>
        <pathelement location="${wc.home}/xml/loader" />
        <pathelement location="${wc.loader.properties.dir}" />
        <pathelement path="${jdbc.driver.path}" />
      </path>
      <path id="wc.ear.dataload.class.path">
        <fileset dir="${wc.home}">
          <include name="wc.modules/ejbs/${toolkit.db.type}/*.jar" />
          <present present="srconly" targetdir="${full.module.dir}">
            <mapper type="regexp"
                    from="wc\.modules[/\\]ejbs[/\\].+?[/\\](.*)"
                    to="\1" />
          </present>
        </fileset>
        <fileset dir="${wc.home}">
          <include name="wc.modules/workspace/WC/**/*.jar" />
          <present present="srconly" targetdir="${full.ear.dir}">
            <mapper type="regexp"
                    from="wc\.modules[/\\]workspace[/\\]WC[/\\](.*)"
                    to="\1" />
          </present>
        </fileset>
        <pathelement location="${wc.home}/wc.modules/workspace/WC/xml" />
      </path>
    </else>
  </if>

  <!-- Classpath used to run the Data Load utility -->
  <path id="wc.dataload.class.path">
    <fileset dir="${was.home}">
      <include name="lib/j2ee.jar" />
      <include name="plugins/com.ibm.ws.prereq.vajava.jar" />
      <include name="plugins/com.ibm.ws.runtime.dist.jar" />
      <include name="plugins/com.ibm.ws.runtime.jar" />
      <include name="plugins/org.eclipse.emf.common.jar" />
      <include name="plugins/org.eclipse.emf.commonj.sdo.jar" />
      <include name="plugins/org.eclipse.emf.ecore.change.jar" />
      <include name="plugins/org.eclipse.emf.ecore.jar" />
      <include name="plugins/org.eclipse.emf.ecore.sdo.jar" />
      <include name="plugins/org.eclipse.emf.ecore.xmi.jar" />
    </fileset>
    <fileset dir="${full.ear.dir}"
             includes="*.jar"
             erroronmissingdir="false" />
    <fileset dir="${full.module.dir}"
             includes="*.jar"
             erroronmissingdir="false" />
    <pathelement location="${full.ear.dir}/xml" />
    <path refid="wc.ear.dataload.class.path" />
    <dirset dir="${wc.home}" includes="components/*/wc.ear/xml" />
    <fileset dir="${wc.home}">
      <include name="components/*/wc.ear.ext/${db.type}/*.jar" />
      <present present="srconly" targetdir="${full.module.dir}">
        <mapper type="regexp"
                from="components[/\\].+?[/\\]wc\.ear\.ext[/\\].+?[/\\](.*)"
                to="\1" />
      </present>
    </fileset>
    <fileset dir="${wc.home}">
      <include name="components/*/wc.ear/*.jar" />
      <present present="srconly" targetdir="${full.ear.dir}">
        <mapper type="regexp"
                from="components[/\\].+?[/\\]wc\.ear[/\\](.*)"
                to="\1" />
      </present>
    </fileset>
    <pathelement path="${jdbc.driver.path}" />
  </path>

  <!-- Define WCBD tasks -->
  <taskdef resource="com/ibm/commerce/wcbd/ant/antlib.xml">
    <classpath>
      <path refid="was.class.path" />
      <pathelement location="${basedir}/lib/wcbd-ant.jar" />
      <!--
       Include the folder that contains the resource bundles for messages
       printed in the classpath
      -->
      <pathelement location="${basedir}/properties" />
    </classpath>
  </taskdef>

  <taskdef name="wcsql" classname="com.ibm.commerce.config.ant.tasks.WCSQL" classpathref="wc.loader.class.path" />

  <!--
   Sets up WCALoggerConfig.xml for logging of loader utilities.
  -->
  <target name="setup.wca.logger">
    <delete file="${basedir}/WCALoggerConfig.xml" quiet="true" />
    <copy file="${basedir}/WCALoggerConfig.xml.template"
          tofile="${basedir}/WCALoggerConfig.xml">
      <filterset>
        <filter token="LOG_DIR" value="${wca.logger.output.dir}" />
      </filterset>
    </copy>
  </target>


  <!--
   Tests connection to the database.
  -->
  <target name="test.db">
    <if>
      <or>
        <istrue value="${run.dataload.sql.common}" />
        <istrue value="${run.dataload.sql.target}" />
        <istrue value="${run.dataload.xml.common}" />
        <istrue value="${run.dataload.xml.target}" />
        <istrue value="${run.dataload.dataload.common}" />
        <istrue value="${run.dataload.dataload.target}" />
        <istrue value="${run.dataload.acug.common}" />
        <istrue value="${run.dataload.acug.target}" />
        <istrue value="${run.dataload.acp.common}" />
        <istrue value="${run.dataload.acp.target}" />
        <istrue value="${run.dataload.acpnls.common}" />
        <istrue value="${run.dataload.acpnls.target}" />
      </or>
      <then>
        <validateProperty property="jdbc.driver"
                          trim="true"
                          nonempty="true" />
        <validateProperty property="jdbc.driver.path"
                          trim="true"
                          nonempty="true" />
        <validateProperty property="jdbc.url"
                          trim="true"
                          nonempty="true" />
        <validateProperty property="db.user.name"
                          trim="true"
                          nonempty="true" />
        <validateProperty property="db.user.password"
                          trim="true"
                          nonempty="true" />
        <if>
          <and>
            <isset property="procedural.sql.file.name.id" />
            <length string="${procedural.sql.file.name.id}"
                    length="0"
                    trim="true"
                    when="gt" />
          </and>
          <then>
            <validateProperty property="procedural.sql.delimiter"
                              trim="true"
                              nonempty="true" />
          </then>
        </if>
        <trycatch property="err.msg">
          <try>
            <wcsql driver="${jdbc.driver}"
                   url="${jdbc.url}"
                   userid="${db.user.name}"
                   password="${db.user.password}"
                   classpath="${jdbc.driver.path}">SELECT * FROM SITE;</wcsql>
          </try>
          <catch>
            <failNL bundle="wcbd-deploy-messages" key="ERR_TEST_DB">
              <arg value="${err.msg}" />
            </failNL>
          </catch>
        </trycatch>
      </then>
    </if>
  </target>


  <!--
   Tests connection to WAS.
  -->
  <target name="test.wsadmin">
    <if>
      <istrue value="${run.wsadmin}" />
      <then>
        <validateProperty property="was.profile.name"
                          trim="true"
                          nonempty="true" />
        <validateProperty property="was.application.name"
                          trim="true"
                          nonempty="true" />
        <validateProperty property="was.host.list"
                          trim="true"
                          nonempty="true" />
        <validateProperty property="was.conntype"
                          trim="true"
                          nonempty="true" />
        <validateProperty property="was.port"
                          trim="true"
                          nonempty="true" />
        <validateProperty property="was.jvm.max.memory"
                          trim="true"
                          nonempty="true" />
        <antcall target="wsadmin">
          <param name="wsadmin.ant.target"
                 value="wcbd.wsadmin.test.helper" />
        </antcall>
      </then>
    </if>
  </target>


  <!--
   Executes wsadmin to test connection to WAS host.
  -->
  <target name="wcbd.wsadmin.test.helper">
    <echoNL bundle="wcbd-deploy-messages" key="WS_ADMIN">
      <arg value="${was.host}" />
      <arg value="${wsadmin.script.dir}/wcbd-wsadmin-test.py" />
    </echoNL>
    <taskdef name="wsadmin"
             classname="com.ibm.websphere.ant.tasks.WsAdmin"
             classpathref="was.class.path" />

    <!--
     Convert ${wasadmin.script.dir} to mitigate Windows path escape issue
    -->
    <pathconvert dirsep="/" property="wsadmin.script.dir.converted">
      <path>
        <pathelement location="${wsadmin.script.dir}" />
      </path>
    </pathconvert>

    <wsadmin script="${wsadmin.script.dir}/wcbd-wsadmin-test.py"
             lang="jython"
             failonerror="true"
             wasHome="${was.home}"
             host="${was.host}"
             conntype="${was.conntype}"
             port="${was.port}"
             user="${was.user}"
             password="${was.password}"
             profileName="${was.profile.name}"
             jvmMaxMemory="${was.jvm.max.memory}">
      <arg value="${was.application.name}" />
      <arg value="${wsadmin.script.dir.converted}" />
    </wsadmin>
  </target>


  <!--
   Executes SQL dataload with common SQL files as specified in the
   configuration.
  -->
  <target name="dataload.sql.common">
    <if>
      <istrue value="${run.dataload.sql.common}" />
      <then>
        <if>
          <istrue value="${dataload.sql.common.order}" />
          <then>
            <antcall target="dataload.sql.batch.ordered.list">
              <param name="sql.dir"
                     value="${dataload.sql.common.dir}" />
              <param name="sql.ordered.list"
                     value="${dataload.sql.common.ordered.list}" />
            </antcall>
          </then>
          <else>
            <antcall target="dataload.sql.batch.fileset">
              <param name="sql.dir"
                     value="${dataload.sql.common.dir}" />
              <param name="sql.fileset.includes"
                     value="${dataload.sql.common.fileset.includes}" />
              <param name="sql.fileset.excludes"
                     value="${dataload.sql.common.fileset.excludes}" />
            </antcall>
          </else>
        </if>
      </then>
      <else>
        <echoSkipTarget target="dataload.sql.common" />
      </else>
    </if>
  </target>


  <!--
   Executes SQL dataload with target-specific SQL files as specified in the
   configuration.
  -->
  <target name="dataload.sql.target">
    <if>
      <istrue value="${run.dataload.sql.target}" />
      <then>
        <if>
          <istrue value="${dataload.sql.target.order}" />
          <then>
            <antcall target="dataload.sql.batch.ordered.list">
              <param name="sql.dir"
                     value="${dataload.sql.target.dir}" />
              <param name="sql.ordered.list"
                     value="${dataload.sql.target.ordered.list}" />
            </antcall>
          </then>
          <else>
            <antcall target="dataload.sql.batch.fileset">
              <param name="sql.dir"
                     value="${dataload.sql.target.dir}" />
              <param name="sql.fileset.includes"
                     value="${dataload.sql.target.fileset.includes}" />
              <param name="sql.fileset.excludes"
                     value="${dataload.sql.target.fileset.excludes}" />
            </antcall>
          </else>
        </if>
      </then>
      <else>
        <echoSkipTarget target="dataload.sql.target" />
      </else>
    </if>
  </target>


  <!--
   Executes SQL dataload with a list of SQL files specified as an ordered
   list.
  -->
  <target name="dataload.sql.batch.ordered.list">
    <if>
      <available file="${sql.dir}" type="dir" />
      <then>
        <foreach target="dataload.sql.ordered.file"
                 list="${sql.ordered.list}"
                 param="src.file.name"
                 inheritall="true"
                 inheritrefs="true" />
      </then>
    </if>
  </target>


  <!--
   Executes SQL dataload with a SQL file from an ordered list.
  -->
  <target name="dataload.sql.ordered.file">
    <antcall target="dataload.sql">
      <param name="src.file" value="${sql.dir}/${src.file.name}" />
    </antcall>
  </target>


  <!--
   Executes SQL dataload with a list of SQL files specified as a fileset.
  -->
  <target name="dataload.sql.batch.fileset">
    <if>
      <available file="${sql.dir}" type="dir" />
      <then>
        <foreach target="dataload.sql"
                 param="src.file"
                 inheritall="true"
                 inheritrefs="true">
          <path>
            <fileset dir="${sql.dir}"
                     includes="${sql.fileset.includes}"
                     excludes="${sql.fileset.excludes}" />
          </path>
        </foreach>
      </then>
    </if>
  </target>


  <!--
   Runs a SQL file.
  -->
  <target name="dataload.sql">
    <failNL bundle="wcbd-deploy-messages" key="ERR_FILE_NOT_FOUND">
      <arg value="${src.file}" />
      <condition>
        <not>
          <available file="${src.file}" type="file" />
        </not>
      </condition>
    </failNL>
    <basename file="${src.file}" property="src.file.base.name" />
    <if>
      <and>
        <isset property="procedural.sql.file.name.id" />
        <length string="${procedural.sql.file.name.id}"
                length="0"
                trim="true"
                when="gt" />
        <contains string="${src.file.base.name}"
                  substring="${procedural.sql.file.name.id}" />
      </and>
      <then>
        <echoNL bundle="wcbd-deploy-messages"
                key="DATALOAD_PROCEDURAL_SQL">
          <arg value="${src.file}" />
        </echoNL>
        <wcsql driver="${jdbc.driver}"
               url="${jdbc.url}"
               userid="${db.user.name}"
               password="${db.user.password}"
               print="true"
               onerror="${sql.onerror}"
               classpath="${jdbc.driver.path}"
               src="${src.file}"
               delimiter="${procedural.sql.delimiter}" />
      </then>
      <else>
        <echoNL bundle="wcbd-deploy-messages" key="DATALOAD_SQL">
          <arg value="${src.file}" />
        </echoNL>
        <wcsql driver="${jdbc.driver}"
               url="${jdbc.url}"
               userid="${db.user.name}"
               password="${db.user.password}"
               print="true"
               onerror="${sql.onerror}"
               classpath="${jdbc.driver.path}"
               src="${src.file}" />
      </else>
    </if>
  </target>


  <!--
   Executes XML dataload with common XML files as specified in the
   configuration.
  -->
  <target name="dataload.xml.common">
    <if>
      <istrue value="${run.dataload.xml.common}" />
      <then>
        <if>
          <istrue value="${dataload.xml.common.order}" />
          <then>
            <antcall target="dataload.xml.batch.ordered.list">
              <param name="xml.dir"
                     value="${dataload.xml.common.dir}" />
              <param name="xml.ordered.list"
                     value="${dataload.xml.common.ordered.list}" />
              <param name="xml.idresgen.excludes"
                     value="${dataload.xml.common.idresgen.excludes}" />
              <param name="failonerror"
                     value="${dataload.xml.common.failonerror}" />
            </antcall>
          </then>
          <else>
            <antcall target="dataload.xml.batch.fileset">
              <param name="xml.dir"
                     value="${dataload.xml.common.dir}" />
              <param name="xml.fileset.includes"
                     value="${dataload.xml.common.fileset.includes}" />
              <param name="xml.fileset.excludes"
                     value="**/*.dtd,**/*.idresolved,${dataload.xml.common.fileset.excludes}" />
              <param name="xml.idresgen.excludes"
                     value="${dataload.xml.common.idresgen.excludes}" />
              <param name="failonerror"
                     value="${dataload.xml.common.failonerror}" />
            </antcall>
          </else>
        </if>
      </then>
      <else>
        <echoSkipTarget target="dataload.xml.common" />
      </else>
    </if>
  </target>


  <!--
   Executes XML dataload with target-specific XML files as specified in the
   configuration.
  -->
  <target name="dataload.xml.target">
    <if>
      <istrue value="${run.dataload.xml.target}" />
      <then>
        <if>
          <istrue value="${dataload.xml.target.order}" />
          <then>
            <antcall target="dataload.xml.batch.ordered.list">
              <param name="xml.dir"
                     value="${dataload.xml.target.dir}" />
              <param name="xml.ordered.list"
                     value="${dataload.xml.target.ordered.list}" />
              <param name="xml.idresgen.excludes"
                     value="${dataload.xml.target.idresgen.excludes}" />
              <param name="failonerror"
                     value="${dataload.xml.target.failonerror}" />
            </antcall>
          </then>
          <else>
            <antcall target="dataload.xml.batch.fileset">
              <param name="xml.dir"
                     value="${dataload.xml.target.dir}" />
              <param name="xml.fileset.includes"
                     value="${dataload.xml.target.fileset.includes}" />
              <param name="xml.fileset.excludes"
                     value="**/*.dtd,**/*.idresolved,${dataload.xml.target.fileset.excludes}" />
              <param name="xml.idresgen.excludes"
                     value="${dataload.xml.target.idresgen.excludes}" />
              <param name="failonerror"
                     value="${dataload.xml.target.failonerror}" />
            </antcall>
          </else>
        </if>
      </then>
      <else>
        <echoSkipTarget target="dataload.xml.target" />
      </else>
    </if>
  </target>


  <!--
   Executes XML dataload with a list of XML files specified as an ordered
   list.
  -->
  <target name="dataload.xml.batch.ordered.list">
    <if>
      <available file="${xml.dir}" type="dir" />
      <then>
        <foreach target="dataload.xml.ordered.file"
                 list="${xml.ordered.list}"
                 param="src.file.name"
                 inheritall="true"
                 inheritrefs="true" />
      </then>
    </if>
  </target>


  <!--
   Executes XML dataload with a XML file from an ordered list.
  -->
  <target name="dataload.xml.ordered.file">
    <antcall target="dataload.xml">
      <param name="src.file" value="${xml.dir}/${src.file.name}" />
    </antcall>
  </target>


  <!--
   Executes XML dataload with a list of XML files specified as a fileset.
  -->
  <target name="dataload.xml.batch.fileset">
    <if>
      <available file="${xml.dir}" type="dir" />
      <then>
        <foreach target="dataload.xml"
                 param="src.file"
                 inheritall="true"
                 inheritrefs="true">
          <path>
            <fileset dir="${xml.dir}"
                     includes="${xml.fileset.includes}"
                     excludes="${xml.fileset.excludes}" />
          </path>
        </foreach>
      </then>
    </if>
  </target>


  <!--
   Executes idresgen and massload to load data. This target is meant for
   massloadable XML files.
  -->
  <target name="dataload.xml">
    <failNL bundle="wcbd-deploy-messages" key="ERR_FILE_NOT_FOUND">
      <arg value="${src.file}" />
      <condition>
        <not>
          <available file="${src.file}" type="file" />
        </not>
      </condition>
    </failNL>
    <echoNL bundle="wcbd-deploy-messages" key="DATALOAD_XML">
      <arg value="${src.file}" />
    </echoNL>
    <trycatch property="exception.msg" reference="exception.id">
      <try>
        <if>
          <containsInFileSet file="${src.file}">
            <fileset dir="${xml.dir}"
                     excludes="${xml.idresgen.excludes}" />
          </containsInFileSet>
          <then>
            <antcall target="dataload.idresgen">
              <param name="prop.file"
                     value="${wc.loader.properties.dir}/IdResolveKeys.properties" />
              <param name="idresgen.input.type" value="infile" />
              <param name="input" value="${src.file}" />
              <param name="output"
                     value="${src.file}.idresolved" />
            </antcall>
          </then>
          <else>
            <copy file="${src.file}"
                  tofile="${src.file}.idresolved"
                  overwrite="true" />
          </else>
        </if>
        <antcall target="dataload.massload">
          <param name="input" value="${src.file}.idresolved" />
        </antcall>
        <delete file="${src.file}.idresolved" />
      </try>
      <catch>
        <if>
          <isfalse value="${failonerror}" />
          <then>
            <echo message="${exception.msg}" level="warning" />
          </then>
          <else>
            <throw refid="exception.id" />
          </else>
        </if>
      </catch>
    </trycatch>
  </target>


  <!--
   Loads common Data Load utility data.
  -->
  <target name="dataload.dataload.common">
    <if>
      <istrue value="${run.dataload.dataload.common}" />
      <then>
        <if>
          <istrue value="${dataload.dataload.common.order}" />
          <then>
            <antcall target="dataload.dataload.batch.ordered.list">
              <param name="dataload.dir"
                     value="${dataload.dataload.common.dir}" />
              <param name="dataload.ordered.list"
                     value="${dataload.dataload.common.ordered.list}" />
              <param name="failonerror"
                     value="${dataload.dataload.common.failonerror}" />
            </antcall>
          </then>
          <else>
            <antcall target="dataload.dataload.batch.fileset">
              <param name="dataload.dir"
                     value="${dataload.dataload.common.dir}" />
              <param name="dataload.fileset.includes"
                     value="${dataload.dataload.common.fileset.includes}" />
              <param name="dataload.fileset.excludes"
                     value="${dataload.dataload.common.fileset.excludes}" />
              <param name="failonerror"
                     value="${dataload.dataload.common.failonerror}" />
            </antcall>
          </else>
        </if>
      </then>
      <else>
        <echoSkipTarget target="dataload.dataload.common" />
      </else>
    </if>
  </target>


  <!--
   Loads target-specific Data Load utility data.
  -->
  <target name="dataload.dataload.target">
    <if>
      <istrue value="${run.dataload.dataload.target}" />
      <then>
        <if>
          <istrue value="${dataload.dataload.target.order}" />
          <then>
            <antcall target="dataload.dataload.batch.ordered.list">
              <param name="dataload.dir"
                     value="${dataload.dataload.target.dir}" />
              <param name="dataload.ordered.list"
                     value="${dataload.dataload.target.ordered.list}" />
              <param name="failonerror"
                     value="${dataload.dataload.target.failonerror}" />
            </antcall>
          </then>
          <else>
            <antcall target="dataload.dataload.batch.fileset">
              <param name="dataload.dir"
                     value="${dataload.dataload.target.dir}" />
              <param name="dataload.fileset.includes"
                     value="${dataload.dataload.target.fileset.includes}" />
              <param name="dataload.fileset.excludes"
                     value="${dataload.dataload.target.fileset.excludes}" />
              <param name="failonerror"
                     value="${dataload.dataload.target.failonerror}" />
            </antcall>
          </else>
        </if>
      </then>
      <else>
        <echoSkipTarget target="dataload.dataload.target" />
      </else>
    </if>
  </target>


  <!--
   Loads common Data Load utility data with a list of input files specified as
   an ordered list.
  -->
  <target name="dataload.dataload.batch.ordered.list">
    <if>
      <available file="${dataload.dir}" type="dir" />
      <then>
        <foreach target="dataload.dataload.ordered.file"
                 list="${dataload.ordered.list}"
                 param="src.file.name"
                 inheritall="true"
                 inheritrefs="true" />
      </then>
    </if>
  </target>


  <!--
   Loads common Data Load utility data with an input file from an ordered
   list.
  -->
  <target name="dataload.dataload.ordered.file">
    <antcall target="dataload.dataload">
      <param name="src.file" value="${dataload.dir}/${src.file.name}" />
    </antcall>
  </target>


  <!--
   Loads Data Load utility data with a list of input files specified as a file
   set.
  -->
  <target name="dataload.dataload.batch.fileset">
    <if>
      <available file="${dataload.dir}" type="dir" />
      <then>
        <foreach target="dataload.dataload"
                 param="src.file"
                 inheritall="true"
                 inheritrefs="true">
          <path>
            <fileset dir="${dataload.dir}"
                     includes="${dataload.fileset.includes}"
                     excludes="${dataload.fileset.excludes}" />
          </path>
        </foreach>
      </then>
    </if>
  </target>


  <!--
   Runs the Data Load utility to load data.
  -->
  <target name="dataload.dataload">
    <failNL bundle="wcbd-deploy-messages" key="ERR_FILE_NOT_FOUND">
      <arg value="${src.file}" />
      <condition>
        <not>
          <available file="${src.file}" type="file" />
        </not>
      </condition>
    </failNL>
    <mkdir dir="${dataload.log.dir}" />
    <if>
      <not>
        <available file="${working.dir}/dataload-logging.properties"
                   type="file" />
      </not>
      <then>
        <pathconvert property="dataload.log.dir.converted" dirsep="/">
          <path>
            <pathelement location="${dataload.log.dir}" />
          </path>
        </pathconvert>
        <copy file="${dataload.logging.config.file}"
              tofile="${working.dir}/dataload-logging.properties" />
        <replaceregexp file="${working.dir}/dataload-logging.properties"
                       match="[ \t]*java\.util\.logging\.FileHandler\.pattern[ \t]*=[ \t]*.+"
                       replace="java.util.logging.FileHandler.pattern=${dataload.log.dir.converted}/wc-dataload.log"
                       flags="m" />
      </then>
    </if>
    <echoNL bundle="wcbd-deploy-messages" key="DATALOAD_DATALOAD">
      <arg value="${src.file}" />
    </echoNL>
    <trycatch property="exception.msg" reference="exception.id">
      <try>
        <java classname="com.ibm.commerce.foundation.dataload.DataLoaderMain"
              classpathref="wc.dataload.class.path"
              dir="${wc.home}/bin"
              fork="true"
              resultproperty="return.code">
          <jvmarg value="-Ddataload=true" />
          <jvmarg value="-Dj2se=true" />
          <jvmarg value="-Djava.util.logging.config.file=${working.dir}/dataload-logging.properties" />
          <arg value="${src.file}" />
          <arg value="-DPromptVariableSubstitution=false" />
          <arg line="${dataload.params}" />
        </java>
        <if>
          <not>
            <equals arg1="${return.code}" arg2="0" />
          </not>
          <then>
            <failNL bundle="wcbd-deploy-messages"
                    key="ERR_DATALOAD">
              <arg value="${dataload.log.dir}" />
            </failNL>
          </then>
        </if>
      </try>
      <catch>
        <if>
          <isfalse value="${failonerror}" />
          <then>
            <echo message="${exception.msg}" level="warning" />
          </then>
          <else>
            <throw refid="exception.id" />
          </else>
        </if>
      </catch>
    </trycatch>
  </target>


  <!--
   Executes ACUG dataload on common ACUG XML files as specified in the
   configuration.
  -->
  <target name="dataload.acug.common">
    <if>
      <istrue value="${run.dataload.acug.common}" />
      <then>
        <if>
          <istrue value="${dataload.acug.common.order}" />
          <then>
            <antcall target="dataload.acug.batch.ordered.list">
              <param name="acug.dir"
                     value="${dataload.acug.common.dir}" />
              <param name="acug.ordered.list"
                     value="${dataload.acug.common.ordered.list}" />
              <param name="failonerror"
                     value="${dataload.acug.common.failonerror}" />
            </antcall>
          </then>
          <else>
            <antcall target="dataload.acug.batch.fileset">
              <param name="acug.dir"
                     value="${dataload.acug.common.dir}" />
              <param name="acug.fileset.includes"
                     value="${dataload.acug.common.fileset.includes}" />
              <param name="acug.fileset.excludes"
                     value="${dataload.acug.common.fileset.excludes}" />
              <param name="failonerror"
                     value="${dataload.acug.common.failonerror}" />
            </antcall>
          </else>
        </if>
      </then>
      <else>
        <echoSkipTarget target="dataload.acug.common" />
      </else>
    </if>
  </target>


  <!--
   Executes ACUG dataload with target-specific ACUG XML files as specified in
   the configuration.
  -->
  <target name="dataload.acug.target">
    <if>
      <istrue value="${run.dataload.acug.target}" />
      <then>
        <if>
          <istrue value="${dataload.acug.target.order}" />
          <then>
            <antcall target="dataload.acug.batch.ordered.list">
              <param name="acug.dir"
                     value="${dataload.acug.target.dir}" />
              <param name="acug.ordered.list"
                     value="${dataload.acug.target.ordered.list}" />
              <param name="failonerror"
                     value="${dataload.acug.target.failonerror}" />
            </antcall>
          </then>
          <else>
            <antcall target="dataload.acug.batch.fileset">
              <param name="acug.dir"
                     value="${dataload.acug.target.dir}" />
              <param name="acug.fileset.includes"
                     value="${dataload.acug.target.fileset.includes}" />
              <param name="acug.fileset.excludes"
                     value="${dataload.acug.target.fileset.excludes}" />
              <param name="failonerror"
                     value="${dataload.acug.target.failonerror}" />
            </antcall>
          </else>
        </if>
      </then>
      <else>
        <echoSkipTarget target="dataload.acug.target" />
      </else>
    </if>
  </target>


  <!--
   Executes ACUG dataload with a list of ACUG XML files specified as an
   ordered list.
  -->
  <target name="dataload.acug.batch.ordered.list">
    <if>
      <available file="${acug.dir}" type="dir" />
      <then>
        <foreach target="dataload.acug.ordered.file"
                 list="${acug.ordered.list}"
                 param="src.file.name"
                 inheritall="true"
                 inheritrefs="true" />
      </then>
    </if>
  </target>


  <!--
   Executes ACUG dataload with a ACUG XML file from an ordered list.
  -->
  <target name="dataload.acug.ordered.file">
    <antcall target="dataload.acug">
      <param name="src.file" value="${acug.dir}/${src.file.name}" />
    </antcall>
  </target>


  <!--
   Executes ACUG dataload with a list of ACUG XML files specified as a
   fileset.
  -->
  <target name="dataload.acug.batch.fileset">
    <if>
      <available file="${acug.dir}" type="dir" />
      <then>
        <foreach target="dataload.acug"
                 param="src.file"
                 inheritall="true"
                 inheritrefs="true">
          <path>
            <fileset dir="${acug.dir}"
                     includes="${acug.fileset.includes}"
                     excludes="**/*.transformed,**/*.idresolved,${acug.fileset.excludes}" />
          </path>
        </foreach>
      </then>
    </if>
  </target>


  <!--
   Executes ACUG dataload with an ACUG XML file.
  -->
  <target name="dataload.acug">
    <failNL bundle="wcbd-deploy-messages" key="ERR_FILE_NOT_FOUND">
      <arg value="${src.file}" />
      <condition>
        <not>
          <available file="${src.file}" type="file" />
        </not>
      </condition>
    </failNL>
    <echoNL bundle="wcbd-deploy-messages" key="DATALOAD_ACUG">
      <arg value="${src.file}" />
    </echoNL>
    <trycatch property="exception.msg" reference="exception.id">
      <try>
        <antcall target="dataload.transload">
          <param name="input" value="${src.file}" />
          <param name="dtd.path"
                 value="${wc.home}/xml/policies/dtd/ACUserGroups.dtd" />
          <param name="xsl.file"
                 value="${wc.home}/xml/policies/xsl/ACUserGroup.xsl" />
          <param name="prop.file"
                 value="${wc.loader.properties.dir}/ACUserGroupIdKeys.properties" />
        </antcall>
      </try>
      <catch>
        <if>
          <isfalse value="${failonerror}" />
          <then>
            <echo message="${exception.msg}" level="warning" />
          </then>
          <else>
            <throw refid="exception.id" />
          </else>
        </if>
      </catch>
    </trycatch>
  </target>


  <!--
   Executes ACP dataload on common ACP XML files as specified in the
   configuration.
  -->
  <target name="dataload.acp.common">
    <if>
      <istrue value="${run.dataload.acp.common}" />
      <then>
        <if>
          <istrue value="${dataload.acp.common.order}" />
          <then>
            <antcall target="dataload.acp.batch.ordered.list">
              <param name="acp.dir"
                     value="${dataload.acp.common.dir}" />
              <param name="acp.ordered.list"
                     value="${dataload.acp.common.ordered.list}" />
              <param name="failonerror"
                     value="${dataload.acp.common.failonerror}" />
            </antcall>
          </then>
          <else>
            <antcall target="dataload.acp.batch.fileset">
              <param name="acp.dir"
                     value="${dataload.acp.common.dir}" />
              <param name="acp.fileset.includes"
                     value="${dataload.acp.common.fileset.includes}" />
              <param name="acp.fileset.excludes"
                     value="**/*.transformed,**/*.idresolved,${dataload.acp.common.fileset.excludes}" />
              <param name="failonerror"
                     value="${dataload.acp.common.failonerror}" />
            </antcall>
          </else>
        </if>
      </then>
      <else>
        <echoSkipTarget target="dataload.acp.common" />
      </else>
    </if>
  </target>


  <!--
   Executes ACP dataload with target-specific ACP XML files as specified in
   the configuration.
  -->
  <target name="dataload.acp.target">
    <if>
      <istrue value="${run.dataload.acp.target}" />
      <then>
        <if>
          <istrue value="${dataload.acp.target.order}" />
          <then>
            <antcall target="dataload.acp.batch.ordered.list">
              <param name="acp.dir"
                     value="${dataload.acp.target.dir}" />
              <param name="acp.ordered.list"
                     value="${dataload.acp.target.ordered.list}" />
              <param name="failonerror"
                     value="${dataload.acp.target.failonerror}" />
            </antcall>
          </then>
          <else>
            <antcall target="dataload.acp.batch.fileset">
              <param name="acp.dir"
                     value="${dataload.acp.target.dir}" />
              <param name="acp.fileset.includes"
                     value="${dataload.acp.target.fileset.includes}" />
              <param name="acp.fileset.excludes"
                     value="**/*.transformed,**/*.idresolved,${dataload.acp.target.fileset.excludes}" />
              <param name="failonerror"
                     value="${dataload.acp.target.failonerror}" />
            </antcall>
          </else>
        </if>
      </then>
      <else>
        <echoSkipTarget target="dataload.acp.target" />
      </else>
    </if>
  </target>


  <!--
   Executes ACP dataload with a list of ACP XML files specified as an ordered
   list.
  -->
  <target name="dataload.acp.batch.ordered.list">
    <if>
      <available file="${acp.dir}" type="dir" />
      <then>
        <foreach target="dataload.acp.ordered.file"
                 list="${acp.ordered.list}"
                 param="src.file.name"
                 inheritall="true"
                 inheritrefs="true" />
      </then>
    </if>
  </target>


  <!--
    Executes ACP dataload with a ACP XML file from an ordered list.
  -->
  <target name="dataload.acp.ordered.file">
    <antcall target="dataload.acp">
      <param name="src.file" value="${acp.dir}/${src.file.name}" />
    </antcall>
  </target>


  <!--
   Executes ACP dataload with a list of ACP XML files specified as a fileset.
  -->
  <target name="dataload.acp.batch.fileset">
    <if>
      <available file="${acp.dir}" type="dir" />
      <then>
        <foreach target="dataload.acp"
                 param="src.file"
                 inheritall="true"
                 inheritrefs="true">
          <path>
            <fileset dir="${acp.dir}"
                     includes="${acp.fileset.includes}"
                     excludes="${acp.fileset.excludes}" />
          </path>
        </foreach>
      </then>
    </if>
  </target>


  <!--
   Executes ACP dataload with an ACP XML file.
  -->
  <target name="dataload.acp">
    <failNL bundle="wcbd-deploy-messages" key="ERR_FILE_NOT_FOUND">
      <arg value="${src.file}" />
      <condition>
        <not>
          <available file="${src.file}" type="file" />
        </not>
      </condition>
    </failNL>
    <echoNL bundle="wcbd-deploy-messages" key="DATALOAD_ACP">
      <arg value="${src.file}" />
    </echoNL>
    <trycatch property="exception.msg" reference="exception.id">
      <try>
        <antcall target="dataload.transload">
          <param name="input" value="${src.file}" />
          <param name="dtd.path"
                 value="${wc.home}/xml/policies/dtd/accesscontrolpolicies.dtd" />
          <param name="xsl.file"
                 value="${wc.home}/xml/policies/xsl/accesscontrol.xsl" />
          <param name="prop.file"
                 value="${wc.loader.properties.dir}/ACIdKeys.properties" />
        </antcall>
      </try>
      <catch>
        <if>
          <isfalse value="${failonerror}" />
          <then>
            <echo message="${exception.msg}" level="warning" />
          </then>
          <else>
            <throw refid="exception.id" />
          </else>
        </if>
      </catch>
    </trycatch>
  </target>


  <!--
   Executes ACP dataload with common ACP NLS XML files as specified in the
   configuration.
  -->
  <target name="dataload.acpnls.common">
    <if>
      <istrue value="${run.dataload.acpnls.common}" />
      <then>
        <if>
          <istrue value="${dataload.acpnls.common.order}" />
          <then>
            <antcall target="dataload.acpnls.batch.ordered.list">
              <param name="acpnls.dir"
                     value="${dataload.acpnls.common.dir}" />
              <param name="acpnls.ordered.list"
                     value="${dataload.acpnls.common.ordered.list}" />
              <param name="failonerror"
                     value="${dataload.acpnls.common.failonerror}" />
            </antcall>
          </then>
          <else>
            <antcall target="dataload.acpnls.batch.fileset">
              <param name="acpnls.dir"
                     value="${dataload.acpnls.common.dir}" />
              <param name="acpnls.fileset.includes"
                     value="${dataload.acpnls.common.fileset.includes}" />
              <param name="acpnls.fileset.excludes"
                     value="**/*.transformed,**/*.idresolved,${dataload.acpnls.common.fileset.excludes}" />
              <param name="failonerror"
                     value="${dataload.acpnls.common.failonerror}" />
            </antcall>
          </else>
        </if>
      </then>
      <else>
        <echoSkipTarget target="dataload.acpnls.common" />
      </else>
    </if>
  </target>


  <!--
   Executes ACP dataload with target-specific ACP NLS XML files as specified
   in the configuration.
  -->
  <target name="dataload.acpnls.target">
    <if>
      <istrue value="${run.dataload.acpnls.target}" />
      <then>
        <if>
          <istrue value="${dataload.acpnls.target.order}" />
          <then>
            <antcall target="dataload.acpnls.batch.ordered.list">
              <param name="acpnls.dir"
                     value="${dataload.acpnls.target.dir}" />
              <param name="acpnls.ordered.list"
                     value="${dataload.acpnls.target.ordered.list}" />
              <param name="failonerror"
                     value="${dataload.acpnls.target.failonerror}" />
            </antcall>
          </then>
          <else>
            <antcall target="dataload.acpnls.batch.fileset">
              <param name="acpnls.dir"
                     value="${dataload.acpnls.target.dir}" />
              <param name="acpnls.fileset.includes"
                     value="${dataload.acpnls.target.fileset.includes}" />
              <param name="acpnls.fileset.excludes"
                     value="**/*.transformed,**/*.idresolved,${dataload.acpnls.target.fileset.excludes}" />
              <param name="failonerror"
                     value="${dataload.acpnls.target.failonerror}" />
            </antcall>
          </else>
        </if>
      </then>
      <else>
        <echoSkipTarget target="dataload.acpnls.target" />
      </else>
    </if>
  </target>


  <!--
   Executes ACP dataload with a list of ACP NLS XML files specified as an
   ordered list.
  -->
  <target name="dataload.acpnls.batch.ordered.list">
    <if>
      <available file="${acpnls.dir}" type="dir" />
      <then>
        <foreach target="dataload.acpnls.ordered.file"
                 list="${acpnls.ordered.list}"
                 param="src.file.name"
                 inheritall="true"
                 inheritrefs="true" />
      </then>
    </if>
  </target>


  <!--
   Executes ACP dataload with a ACP NLS XML file from an ordered list.
  -->
  <target name="dataload.acpnls.ordered.file">
    <antcall target="dataload.acpnls">
      <param name="src.file" value="${acpnls.dir}/${src.file.name}" />
    </antcall>
  </target>


  <!--
   Executes ACP dataload with a list of ACP NLS XML files specified as a
   fileset.
  -->
  <target name="dataload.acpnls.batch.fileset">
    <if>
      <available file="${acpnls.dir}" type="dir" />
      <then>
        <foreach target="dataload.acpnls"
                 param="src.file"
                 inheritall="true"
                 inheritrefs="true">
          <path>
            <fileset dir="${acpnls.dir}"
                     includes="${acpnls.fileset.includes}"
                     excludes="${acpnls.fileset.excludes}" />
          </path>
        </foreach>
      </then>
    </if>
  </target>


  <!--
   Executes ACP dataload with an ACP NLS XML file.
  -->
  <target name="dataload.acpnls">
    <failNL bundle="wcbd-deploy-messages" key="ERR_FILE_NOT_FOUND">
      <arg value="${src.file}" />
      <condition>
        <not>
          <available file="${src.file}" type="file" />
        </not>
      </condition>
    </failNL>
    <echoNL bundle="wcbd-deploy-messages" key="DATALOAD_ACP_NLS">
      <arg value="${src.file}" />
    </echoNL>
    <trycatch property="exception.msg" reference="exception.id">
      <try>
        <antcall target="dataload.transload">
          <param name="input" value="${src.file}" />
          <param name="dtd.path"
                 value="${wc.home}/xml/policies/dtd/accesscontrolpoliciesnls.dtd" />
          <param name="xsl.file"
                 value="${wc.home}/xml/policies/xsl/accesscontrolnls.xsl" />
          <param name="prop.file"
                 value="${wc.loader.properties.dir}/ACIdKeys.properties" />
        </antcall>
      </try>
      <catch>
        <if>
          <isfalse value="${failonerror}" />
          <then>
            <echo message="${exception.msg}" level="warning" />
          </then>
          <else>
            <throw refid="exception.id" />
          </else>
        </if>
      </catch>
    </trycatch>
  </target>


  <!--
   Executes xmltransform, idresgen, and massload to load data. This target is
   meant for ACP and ACUG dataloads.
  -->
  <target name="dataload.transload">
    <toURI file="${dtd.path}" property="dtd.uri" />
    <copy file="${input}" tofile="${input}.orig" />
    <replaceregexp file="${input}"
                   match="(\s*&lt;!DOCTYPE\s+\w+\s+SYSTEM\s+&quot;)[\s\w-./:\\~]+(&quot;&gt;\s*)"
                   replace="\1${dtd.uri}\2"
                   flags="m" />

    <antcall target="dataload.xmltransform">
      <param name="input" value="${input}" />
      <param name="xsl.file" value="${xsl.file}" />
      <param name="output" value="${input}.transformed" />
    </antcall>

    <toURI file="${wcs.dtd.path}" property="wcs.dtd.uri" />
    <replace file="${input}.transformed" summary="true">
      <replacefilter token="&quot;../../../schema/xml/wcs.dtd&quot;"
                     value="&quot;${wcs.dtd.uri}&quot;" />
    </replace>

    <antcall target="dataload.idresgen">
      <param name="prop.file" value="${prop.file}" />
      <param name="idresgen.input.type" value="infile" />
      <param name="input" value="${input}.transformed" />
      <param name="output" value="${input}.idresolved" />
    </antcall>
    <antcall target="dataload.massload">
      <param name="input" value="${input}.idresolved" />
    </antcall>
    <copy file="${input}.orig" tofile="${input}" overwrite="true"/>
    <delete file="${input}.transformed" />
    <delete file="${input}.idresolved" />
    <delete file="${input}.orig" />
  </target>


  <!--
   Executes the xmltransform utility. For more information, refer to the
   WebSphere Commerce Information Center.
  -->
  <target name="dataload.xmltransform">
    <mkdir dir="${wca.logger.output.dir}" />
    <delete file="${output}" quiet="true" />
    <java classname="com.ibm.wca.XMLTransformer.InvokeXMLTransformer"
          classpathref="wc.loader.class.path"
          fork="true"
          resultproperty="return.code">
      <jvmarg value="-Dcom.ibm.wca.logging.configFile=${wca.logger.config.file}" />
      <jvmarg value="-Dcom.ibm.wcm.ErrorReporterDir=${wca.logger.output.dir}" />
      <jvmarg value="-DDebug=${xmltransform.debug}" />
      <arg value="-infile" />
      <arg value="${input}" />
      <arg value="-transform" />
      <arg value="${xsl.file}" />
      <arg value="-outfile" />
      <arg value="${output}" />
      <arg line="${xmltransform.params}" />
    </java>
    <if>
      <not>
        <equals arg1="${return.code}" arg2="0" />
      </not>
      <then>
        <failNL bundle="wcbd-deploy-messages" key="ERR_XMLTRANSFORM">
          <arg value="${wca.logger.output.dir}" />
        </failNL>
      </then>
    </if>
  </target>


  <!--
   Executes the idresgen utility. For more information, refer to the WebSphere
   Commerce Information Center.
  -->
  <target name="dataload.idresgen">
    <mkdir dir="${wca.logger.output.dir}" />
    <delete file="${output}" quiet="true" />
    <condition property="idresgen.customizer.args"
               value=""
               else="-customizer ${idresgen.customizer}">
      <length string="${idresgen.customizer}" length="0" />
    </condition>
    <condition property="idresgen.schemaname.args"
               value=""
               else="-schemaname ${db.schema.name}">
      <length string="${db.schema.name}" length="0" />
    </condition>
<echo>idresgen: ${db.name} : ${db.schema.name} : ${db.user.name} : ${idresgen.schemaname.args}</echo>
    <java classname="com.ibm.wca.IdResGen.InvokeIdResGen"
          classpathref="wc.loader.class.path"
          fork="true"
          resultproperty="return.code">
      <jvmarg value="-Dcom.ibm.wca.logging.configFile=${wca.logger.config.file}" />
      <jvmarg value="-Dcom.ibm.wcm.ErrorReporterDir=${wca.logger.output.dir}" />
      <jvmarg value="-DDebug=${idresgen.debug}" />
      <arg value="-method" />
      <arg value="${idresgen.method}" />
      <arg line="${idresgen.customizer.args}" />
      <arg value="-propfile" />
      <arg value="${prop.file}" />
      <arg value="-${idresgen.input.type}" />
      <arg value="${input}" />
      <arg value="-outfile" />
      <arg value="${output}" />
      <arg value="-dbname" />
      <arg value="${db.name}" />
      <arg line="${idresgen.schemaname.args}" />
      <arg value="-dbuser" />
      <arg value="${db.user.name}" />
      <arg value="-dbpwd" />
      <arg value="${db.user.password}" />
      <arg value="-poolsize" />
      <arg value="${idresgen.poolsize}" />
      <arg value="-maxerror" />
      <arg value="${idresgen.maxerror}" />
      <arg value="-optimize" />
      <arg value="${idresgen.optimize}" />
    </java>
    <if>
      <not>
        <equals arg1="${return.code}" arg2="0" />
      </not>
      <then>
        <failNL bundle="wcbd-deploy-messages" key="ERR_IDRESGEN">
          <arg value="${wca.logger.output.dir}" />
        </failNL>
      </then>
    </if>
  </target>


  <!--
   Executes the massload utility. For more information, refer to the WebSphere
   Commerce Information Center.
  -->
  <target name="dataload.massload">
    <mkdir dir="${wca.logger.output.dir}" />
    <condition property="massload.input.arg"
               value="-directory"
               else="-infile">
      <equals arg1="${massload.method}" arg2="loadonly" />
    </condition>
    <condition property="massload.schemaname.args"
               value=""
               else="-schemaname ${db.schema.name}">
      <length string="${db.schema.name}" length="0" />
    </condition>
    <condition property="massload.customizer.args"
               value=""
               else="-customizer ${massload.customizer}">
      <length string="${massload.customizer}" length="0" />
    </condition>
    <java classname="com.ibm.wca.MassLoader.InvokeMassLoad"
          classpathref="wc.loader.class.path"
          fork="true"
          resultproperty="return.code">
      <jvmarg value="-Dcom.ibm.wca.logging.configFile=${wca.logger.config.file}" />
      <jvmarg value="-Dcom.ibm.wcm.ErrorReporterDir=${wca.logger.output.dir}" />
      <jvmarg value="-DDebug=${massload.debug}" />
      <arg value="-dbname" />
      <arg value="${db.name}" />
      <arg value="-dbuser" />
      <arg value="${db.user.name}" />
      <arg value="-dbpwd" />
      <arg value="${db.user.password}" />
      <arg value="-method" />
      <arg line="${massload.method}" />
      <arg line="${massload.input.arg}" />
      <arg line="${input}" />
      <arg value="-noprimary" />
      <arg value="${massload.noprimary}" />
      <arg line="${massload.schemaname.args}" />
      <arg value="-commitcount" />
      <arg value="${massload.commitcount}" />
      <arg value="-maxerror" />
      <arg value="${massload.maxerror}" />
      <arg line="${massload.customizer.args}" />
    </java>
    <if>
      <not>
        <equals arg1="${return.code}" arg2="0" />
      </not>
      <then>
        <failNL bundle="wcbd-deploy-messages" key="ERR_MASSLOAD">
          <arg value="${wca.logger.output.dir}" />
        </failNL>
      </then>
    </if>
  </target>


  <!--
   Prepares a working directory for WAS deployment of connector, EJB and new
   web modules.
  -->
  <target name="prepare.modules">
    <delete dir="${working.module.dir}" quiet="true" />
    <mkdir dir="${working.module.dir}" />

    <foreach list="${connector.module.list}"
             target="prepare.module"
             param="module.name"
             trim="true"
             inheritall="true"
             inheritrefs="true">
      <param name="ext" value="rar" />
    </foreach>

    <foreach list="${ejb.module.list}"
             target="prepare.module"
             param="module.name"
             trim="true"
             inheritall="true"
             inheritrefs="true">
      <param name="ext" value="jar" />
    </foreach>

    <foreach list="${new.web.module.list}"
             target="prepare.module"
             param="module.name"
             trim="true"
             inheritall="true"
             inheritrefs="true">
      <param name="ext" value="war" />
    </foreach>
  </target>


  <!--
   Prepares a connector, EJB or new web module into the working directory for
   WAS deployment. As part of this process, targetable files will be handled
   accordingly.
  -->
  <target name="prepare.module">
    <failNL bundle="wcbd-deploy-messages" key="ERR_MODULE_NOT_FOUND">
      <arg value="${module.name}" />
      <arg value="${module.dir}" />
      <condition>
        <not>
          <available file="${module.dir}/${module.name}.${ext}" />
        </not>
      </condition>
    </failNL>
    <if>
      <available file="${module.dir}/${module.name}.${ext}" type="file" />
      <!-- If module is an archive, copy it directly -->
      <then>
        <copy todir="${working.module.dir}"
              file="${module.dir}/${module.name}.${ext}"
              preservelastmodified="true" />
      </then>
      <!-- O/W copy the expanded module while handling targetable -->
      <else>
        <copy todir="${working.module.dir}/${module.name}.${ext}"
              preservelastmodified="true">
          <fileset dir="${module.dir}/${module.name}.${ext}"
                   excludes="**/*.targetable.${target.env}*" />
        </copy>
        <antcall target="copy.targetable">
          <param name="src.dir"
                 value="${module.dir}/${module.name}.${ext}" />
          <param name="dest.dir"
                 value="${working.module.dir}/${module.name}" />
        </antcall>
      </else>
    </if>
  </target>


  <!--
   Copies and renames the targetable files, overwriting the existing files
   with the original name.
  -->
  <target name="copy.targetable">
    <copy todir="${dest.dir}" preservelastmodified="true" overwrite="true">
      <fileset dir="${src.dir}"
               includes="**/*.targetable.${target.env}" />
      <mapper type="glob" from="*.targetable.${target.env}" to="*" />
    </copy>
    <copy todir="${dest.dir}" preservelastmodified="true" overwrite="true">
      <fileset dir="${src.dir}"
               includes="**/*.targetable.${target.env}.*" />
      <mapper type="regexp"
              from="^(.*)\.targetable\.${target.env}(\.[^.]+)$$"
              to="\1\2" />
    </copy>
  </target>


  <!--
   Builds a partial application zip file for deployment to WAS.
  -->
  <target name="build.partial.app">
    <echoNL bundle="wcbd-deploy-messages" key="BUILD_PARTIAL_APP">
      <arg value="${partial.app.zip.file}" />
    </echoNL>
    <delete dir="${working.partial.app.dir}" quiet="true" />
    <mkdir dir="${working.partial.app.dir}" />

    <if>
      <available file="${ear.dir}" type="dir" />
      <then>
        <copy todir="${working.partial.app.dir}"
              preservelastmodified="true">
          <fileset dir="${ear.dir}" />
        </copy>
      </then>
    </if>

    <foreach list="${existing.web.module.list}"
             target="copy.existing.web.module"
             param="web.module"
             trim="true"
             inheritall="true"
             inheritrefs="true" />

    <antcall target="generate.wcbd.deploy.info" />

    <delete quiet="true">
      <fileset dir="${working.partial.app.dir}"
               includes="**/*.targetable*"
               excludes="**/*.targetable.${target.env}*" />
    </delete>
    <move todir="${working.partial.app.dir}"
          preservelastmodified="true"
          overwrite="true">
      <fileset dir="${working.partial.app.dir}"
               includes="**/*.targetable.${target.env}" />
      <mapper type="glob" from="*.targetable.${target.env}" to="*" />
    </move>
    <move todir="${working.partial.app.dir}"
          preservelastmodified="true"
          overwrite="true">
      <fileset dir="${working.partial.app.dir}"
               includes="**/*.targetable.${target.env}.*" />
      <mapper type="regexp"
              from="^(.*)\.targetable\.${target.env}(\.[^.]+)$$"
              to="\1\2" />
    </move>

    <delete file="${partial.app.zip.file}" quiet="true" />
    <zip destfile="${partial.app.zip.file}" encoding="utf-8">
      <fileset dir="${working.partial.app.dir}"
               includes="${partial.app.zip.includes}"
               excludes="${partial.app.zip.excludes}" />
      <fileset dir="${working.partial.app.dir}"
               includes="META-INF/ibm-partialapp-delete.props" />
    </zip>
  </target>


  <!--
   Copies an existing web module to the partial application working directory.
  -->
  <target name="copy.existing.web.module">
    <failNL bundle="wcbd-deploy-messages" key="ERR_MODULE_NOT_FOUND">
      <arg value="${web.module}" />
      <arg value="${module.dir}" />
      <condition>
        <not>
          <available file="${module.dir}/${web.module}.war"
                     type="dir" />
        </not>
      </condition>
    </failNL>
    <copy todir="${working.partial.app.dir}/${web.module}.war"
          preservelastmodified="true">
      <fileset dir="${module.dir}/${web.module}.war">
        <!--
         Exclude deployment descriptor files that may be updated
         dynamically by WAS application updates so they do not get
         replaced during partial application update.
        -->
        <exclude name="WEB-INF/ibm-web-bnd.xm?" />
        <exclude name="WEB-INF/ibm-web-ext.xm?" />
        <exclude name="WEB-INF/ibm-webservices-bnd.xm?" />
        <exclude name="WEB-INF/ibm-webservices-ext.xm?" />
        <include name="**/*" />
      </fileset>
    </copy>
  </target>


  <!--
   Generates a deployment information properties file that is included into
   the root of the WC EAR via partial application zip.
  -->
  <target name="generate.wcbd.deploy.info">
    <delete file="${working.partial.app.dir}/wcbd-deploy-info.properties" />
    <propertyfile file="${working.partial.app.dir}/wcbd-deploy-info.properties">
      <entry key="build.label" value="${build.label}" />
      <entry key="build.date" value="${build.date}" />
      <entry key="wcbd.version" value="${wcbd.version}" />
      <entry key="app.type" value="${app.type}" />
      <entry key="app.type.ear.project" value="${app.type.ear.project}" />
      <entry key="target.env" value="${target.env}" />
      <entry key="connector.module.list"
             value="${connector.module.list}" />
      <entry key="ejb.module.list" value="${ejb.module.list}" />
      <entry key="existing.web.module.list"
             value="${existing.web.module.list}" />
      <entry key="new.web.module.list" value="${new.web.module.list}" />
      <entry key="context.root.mapping.list"
             value="${context.root.mapping.list}" />
      <entry key="partial.app.zip.includes"
             value="${partial.app.zip.includes}" />
      <entry key="partial.app.zip.excludes"
             value="${partial.app.zip.excludes}" />
      <entry key="was.host.list" value="${was.host.list}" />
      <entry key="db.type" value="${db.type}" />
      <entry key="db.name" value="${db.name}" />
      <entry key="db.schema.name" value="${db.schema.name}" />
      <entry key="run.dataload.sql.common"
             value="${run.dataload.sql.common}" />
      <entry key="run.dataload.sql.target"
             value="${run.dataload.sql.target}" />
      <entry key="run.dataload.xml.common"
             value="${run.dataload.xml.common}" />
      <entry key="run.dataload.xml.target"
             value="${run.dataload.xml.target}" />
      <entry key="run.dataload.acug.common"
             value="${run.dataload.acug.common}" />
      <entry key="run.dataload.acug.target"
             value="${run.dataload.acug.target}" />
      <entry key="run.dataload.acp.common"
             value="${run.dataload.acp.common}" />
      <entry key="run.dataload.acp.target"
             value="${run.dataload.acp.target}" />
      <entry key="run.dataload.acpnls.common"
             value="${run.dataload.acpnls.common}" />
      <entry key="run.dataload.acpnls.target"
             value="${run.dataload.acpnls.target}" />
      <entry key="wsadmin.deploy.script.file"
             value="${wsadmin.deploy.script.file}" />
      <entry key="rollout.update" value="${rollout.update}" />
    </propertyfile>
    <if>
      <istrue value="${delta.mode}" />
      <then>
        <propertyfile file="${working.partial.app.dir}/wcbd-deploy-info.properties">
          <entry key="baseline.build.label"
                 value="${baseline.build.label}" />
        </propertyfile>
      </then>
    </if>
  </target>


  <!--
   Executes wsadmin to deploy on a list of WAS hosts.
  -->
  <target name="wsadmin">
    <if>
      <istrue value="${run.wsadmin}" />
      <then>
        <!--
         Determine the WAS profile path with the manageprofiles command
        -->
        <if>
          <available file="${was.home}/bin/manageprofiles.bat"
                     type="file" />
          <then>
            <exec executable="cmd.exe"
                  dir="${was.home}/bin"
                  output="${working.dir}/manageprofiles.out.log"
                  error="${working.dir}/manageprofiles.err.log"
                  resultproperty="manageprofiles.return.code">
              <arg value="/c" />
              <arg value="call" />
              <arg value="manageprofiles.bat" />
              <arg value="-getPath" />
              <arg value="-profileName" />
              <arg value="${was.profile.name}" />
            </exec>
          </then>
          <elseif>
            <available file="${was.home}/bin/manageprofiles.sh"
                       type="file" />
            <then>
              <exec executable="${was.home}/bin/manageprofiles.sh"
                    dir="${was.home}/bin"
                    output="${working.dir}/manageprofiles.out.log"
                    error="${working.dir}/manageprofiles.err.log"
                    resultproperty="manageprofiles.return.code">
                <arg value="-getPath" />
                <arg value="-profileName" />
                <arg value="${was.profile.name}" />
              </exec>
            </then>
          </elseif>
          <else>
            <exec executable="${was.home}/bin/manageprofiles"
                  dir="${was.home}/bin"
                  output="${working.dir}/manageprofiles.out.log"
                  error="${working.dir}/manageprofiles.err.log"
                  resultproperty="manageprofiles.return.code">
              <arg value="-getPath" />
              <arg value="-profileName" />
              <arg value="${was.profile.name}" />
            </exec>
          </else>
        </if>

        <!--
         Fail with the error message from the manageprofiles output
         stream if return code is not 0.
        -->
        <if>
          <not>
            <equals arg1="${manageprofiles.return.code}" arg2="0" />
          </not>
          <then>
            <loadfile srcfile="${working.dir}/manageprofiles.out.log"
                      property="manageprofiles.err.msg" />
            <fail message="${manageprofiles.err.msg}" />
          </then>
        </if>

        <!--
         If outputproperty is used, the encoding on OS/390 and OS/400
         systems may not be correct. To ensure that the output is
         encoded with consistent encoding, output is redirected to a
         file, which is then loaded with the <loadfile> task.
        -->
        <loadfile srcfile="${working.dir}/manageprofiles.out.log"
                  property="was.profile.path">
          <filterchain>
            <striplinebreaks />
          </filterchain>
        </loadfile>

        <!--
         Restore any backup copy of soap.client.props originated from
         WCBD to preserve customer settings
        -->
        <if>
          <available file="${was.profile.path}/properties/soap.client.props.wcbd"
                     type="file" />
          <then>
            <move file="${was.profile.path}/properties/soap.client.props.wcbd"
                  tofile="${was.profile.path}/properties/soap.client.props"
                  overwrite="true" />
          </then>
        </if>

        <!-- Back up soap.client.props and update timeout value -->
        <copy file="${was.profile.path}/properties/soap.client.props"
              tofile="${was.profile.path}/properties/soap.client.props.wcbd"
              overwrite="true" />
        <replaceregexp file="${was.profile.path}/properties/soap.client.props"
                       match="[ \t]*com\.ibm\.SOAP\.requestTimeout[ \t]*=[ \t]*\d+"
                       replace="com\.ibm\.SOAP\.requestTimeout=0"
                       flags="m" />

        <foreach list="${was.host.list}"
                 target="${wsadmin.ant.target}"
                 param="was.host"
                 trim="true"
                 inheritall="true"
                 inheritrefs="true" />

        <!-- Restore the original soap.client.props -->
        <move file="${was.profile.path}/properties/soap.client.props.wcbd"
              tofile="${was.profile.path}/properties/soap.client.props"
              overwrite="true" />
      </then>
      <else>
        <echoSkipTarget target="wsadmin" />
      </else>
    </if>
  </target>


  <!--
   Executes wsadmin to deploy on a WAS host. This is the default target
   provided by WCBD with set arguments. The following is a procedure to
   customize this process:

   - If a new wsadmin script is to be called with the same arguments as
     those of this target, update the "wsadmin.deploy.script.file"
     property in the deployment properties file.

   - If the new wsadmin script requires changes to the list of arguments,
     make a copy of this target to either a custom deployment Ant file, or a
     custom deployment helper Ant file and import it in a deployment Ant
     file. Change the name and the logic of the target as appropriate.
     Finally, update the "wsadmin.ant.target" property in the deployment
     properties file.
  -->
  <target name="wcbd.wsadmin.helper">
    <echoNL bundle="wcbd-deploy-messages" key="WS_ADMIN">
      <arg value="${was.host}" />
      <arg value="${wsadmin.deploy.script.file}" />
    </echoNL>
    <taskdef name="wsadmin"
             classname="com.ibm.websphere.ant.tasks.WsAdmin"
             classpathref="was.class.path" />

    <!--
     Convert '\' to '/' to avoid character escape issues in Jython
    -->
    <pathconvert dirsep="/" property="wsadmin.script.dir.converted">
      <path>
        <pathelement location="${wsadmin.script.dir}" />
      </path>
    </pathconvert>
    <pathconvert dirsep="/" property="wsadmin.working.module.dir">
      <path>
        <pathelement location="${working.module.dir}" />
      </path>
    </pathconvert>
    <pathconvert dirsep="/" property="wsadmin.partial.app.zip.file">
      <path>
        <pathelement location="${partial.app.zip.file}" />
      </path>
    </pathconvert>

    <!-- Workaround for empty arguments -->
    <condition property="wsadmin.connector.module.list"
               value=" "
               else="${connector.module.list}">
      <length string="${connector.module.list}" trim="true" length="0" />
    </condition>
    <condition property="wsadmin.ejb.module.list"
               value=" "
               else="${ejb.module.list}">
      <length string="${ejb.module.list}" trim="true" length="0" />
    </condition>
    <condition property="wsadmin.new.web.module.list"
               value=" "
               else="${new.web.module.list}">
      <length string="${new.web.module.list}" trim="true" length="0" />
    </condition>
    <condition property="wsadmin.context.root.mapping.list"
               value=" "
               else="${context.root.mapping.list}">
      <length string="${context.root.mapping.list}"
              trim="true"
              length="0" />
    </condition>

  	<condition property="wsadmin.datasource.jndi.name"
  	           value=" "
  	           else="${datasource.jndi.name}">
       <length string="${datasource.jndi.name}" trim="true" length="0" />
    </condition>

  	<condition property="wsadmin.connector.module.jndi.list"
  	           value=" "
  	           else="${connector.module.jndi.list}">
  		<length string="${connector.module.jndi.list}" trim="true" length="0" />
  	</condition>

    <!--
     These conditions added to for compatibility, in case user does
     not update their properties file with these new properties.
    -->
    <condition property="wsadmin.virtual.host.mapping.list"
               value=" "
               else="${virtual.host.mapping.list}">
      <or>
        <not>
          <isset property="virtual.host.mapping.list" />
        </not>
        <length string="${virtual.host.mapping.list}"
                trim="true"
                length="0" />
      </or>
    </condition>
    <condition property="wsadmin.partial.app.full.update"
               value="true"
               else="${partial.app.full.update}">
      <not>
        <isset property="partial.app.full.update" />
      </not>
    </condition>
    <if>
      <or>
        <not>
          <isset property="mapping.option.file" />
        </not>
        <length string="${mapping.option.file}"
                trim="true"
                length="0" />
      </or>
      <then>
        <property name="wsadmin.mapping.option.file" value=" " />
      </then>
      <else>
        <!--
         Convert ${wasadmin.script.dir} to mitigate Windows path escape
         issue
        -->
        <pathconvert dirsep="/" property="wsadmin.mapping.option.file">
          <path>
            <pathelement location="${mapping.option.file}" />
          </path>
        </pathconvert>
      </else>
    </if>
    <condition property="wsadmin.properties.file" value="">
      <not>
        <isset property="wsadmin.properties.file" />
      </not>
    </condition>
    <condition property="was.jvm.max.memory" value="512M">
      <not>
        <isset property="was.jvm.max.memory" />
      </not>
    </condition>
    <condition property="wsadmin.connector.module.delete.list"
               value=" "
               else="${connector.module.delete.list}">
      <or>
        <not>
          <isset property="connector.module.delete.list" />
        </not>
        <length string="${connector.module.delete.list}"
                trim="true"
                length="0" />
      </or>
    </condition>
    <condition property="wsadmin.ejb.module.delete.list"
               value=" "
               else="${ejb.module.delete.list}">
      <or>
        <not>
          <isset property="ejb.module.delete.list" />
        </not>
        <length string="${ejb.module.delete.list}"
                trim="true"
                length="0" />
      </or>
    </condition>
    <condition property="wsadmin.web.module.delete.list"
               value=" "
               else="${web.module.delete.list}">
      <or>
        <not>
          <isset property="web.module.delete.list" />
        </not>
        <length string="${web.module.delete.list}"
                trim="true"
                length="0" />
      </or>
    </condition>
    <condition property="wsadmin.regen.plugin.cfg"
               value="true"
               else="${regen.plugin.cfg}">
      <not>
        <isset property="regen.plugin.cfg" />
      </not>
    </condition>
    <condition property="wsadmin.wait.app.ready"
               value="false"
               else="${wait.app.ready}">
      <not>
        <isset property="wait.app.ready" />
      </not>
    </condition>

    <wsadmin wasHome="${was.home}"
             properties="${wsadmin.properties.file}"
             profileName="${was.profile.name}"
             script="${wsadmin.deploy.script.file}"
             lang="jython"
             conntype="${was.conntype}"
             host="${was.host}"
             port="${was.port}"
             user="${was.user}"
             password="${was.password}"
             jvmMaxMemory="${was.jvm.max.memory}"
             failonerror="true">
      <arg value="${was.application.name}" />
      <arg value="${wsadmin.script.dir.converted}" />
      <arg value="${wsadmin.working.module.dir}" />
      <arg value="${wsadmin.connector.module.list}" />
      <arg value="${wsadmin.ejb.module.list}" />
      <arg value="${wsadmin.datasource.jndi.name}" />
      <arg value="${wsadmin.new.web.module.list}" />
      <arg value="${wsadmin.context.root.mapping.list}" />
      <arg value="${wsadmin.partial.app.zip.file}" />
      <arg value="${rollout.update}" />
      <arg value="${rollout.update.timeout}" />
      <arg value="${wsadmin.virtual.host.mapping.list}" />
      <arg value="${wsadmin.partial.app.full.update}" />
      <arg value="${wsadmin.mapping.option.file}" />
      <arg value="${wsadmin.connector.module.delete.list}" />
      <arg value="${wsadmin.ejb.module.delete.list}" />
      <arg value="${wsadmin.web.module.delete.list}" />
      <arg value="${wsadmin.regen.plugin.cfg}" />
      <arg value="${wsadmin.wait.app.ready}" />
      <arg value="${wsadmin.connector.module.jndi.list}" />
    </wsadmin>
  </target>


  <!--
   Calls the user-defined Ant file to deploy static web server assets
   remotely.
  -->
  <target name="static.web.deploy">
    <if>
      <istrue value="${run.static.web.deploy}" />
      <then>
        <validateProperty property="static.web.deploy.ant.file"
                          trim="true"
                          nonempty="true"
                          fileExist="true" />
        <echoNL bundle="wcbd-deploy-messages" key="STATIC_WEB_DEPLOY">
          <arg value="${static.web.deploy.ant.file}" />
        </echoNL>
        <ant antfile="${static.web.deploy.ant.file}" />
      </then>
      <else>
        <echoSkipTarget target="static.web.deploy" />
      </else>
    </if>
  </target>


  <!--
   Calls the user-defined Ant file to synchronize WC configuration file
   remotely.
  -->
  <target name="wc.server.sync">
    <if>
      <and>
        <istrue value="${run.wc.server.sync}" />
        <or>
          <available file="${ear.dir}/xml/config/wc-server.xml"
                     type="file" />
          <available file="${ear.dir}/xml/config/wc-server.targetable.${target.env}.xml"
                     type="file" />
        </or>
      </and>
      <then>
        <validateProperty property="wc.server.sync.ant.file"
                          trim="true"
                          nonempty="true"
                          fileExist="true" />
        <echoNL bundle="wcbd-deploy-messages" key="WC_SERVER_SYNC">
          <arg value="${wc.server.sync.ant.file}" />
        </echoNL>
        <mkdir dir="${working.wc.server.dir}" />
        <copy todir="${working.wc.server.dir}"
              preservelastmodified="true">
          <fileset dir="${ear.dir}/xml/config"
                   includes="wc-server.xml" />
        </copy>
        <copy todir="${working.wc.server.dir}"
              preservelastmodified="true"
              overwrite="true">
          <fileset dir="${ear.dir}/xml/config"
                   includes="wc-server.targetable.${target.env}.xml" />
          <mapper type="glob"
                  from="*.targetable.${target.env}.xml"
                  to="*.xml" />
        </copy>
        <ant antfile="${wc.server.sync.ant.file}" />
      </then>
      <else>
        <echoSkipTarget target="wc.server.sync" />
      </else>
    </if>
  </target>


  <!--
   Calls the user-defined Ant file to deploy data load utility customization
   remotely.
  -->
  <target name="dataload.cust.deploy">
    <if>
      <istrue value="${run.dataload.cust.deploy}" />
      <then>
        <validateProperty property="dataload.cust.deploy.ant.file"
                          trim="true"
                          nonempty="true"
                          fileExist="true" />
        <echoNL bundle="wcbd-deploy-messages"
                key="DATALOAD_CUST_DEPLOY">
          <arg value="${dataload.cust.deploy.ant.file}" />
        </echoNL>
        <ant antfile="${dataload.cust.deploy.ant.file}" />
      </then>
      <else>
        <echoSkipTarget target="dataload.cust.deploy" />
      </else>
    </if>
  </target>


  <!--
   Cleans the working directory. It is intended as a post-deployment clean-up
   task.
  -->
  <target name="clean.working.dir">
    <if>
      <istrue value="${run.clean.working.dir}" />
      <then>
        <delete dir="${working.dir}" quiet="true" />
      </then>
      <else>
        <echoSkipTarget target="clean.working.dir" />
      </else>
    </if>
  </target>


  <!--
   Sends build success e-mail notification.
  -->
  <target name="mail.success">
    <if>
      <istrue value="${run.mail.success}" />
      <then>
        <echoNL bundle="wcbd-deploy-messages" key="MAIL_SUCCESS" />
        <antcall target="mail">
          <param name="tolist" value="${mail.success.tolist}" />
          <param name="message" value="${mail.success.message}" />
          <param name="subject" value="${mail.success.subject}" />
        </antcall>
      </then>
      <else>
        <echoSkipTarget target="mail.success" />
      </else>
    </if>
  </target>


  <!--
   Sends build failure e-mail notification.
  -->
  <target name="mail.failure">
    <if>
      <istrue value="${run.mail.failure}" />
      <then>
        <echoNL bundle="wcbd-deploy-messages" key="MAIL_FAILURE" />
        <antcall target="mail">
          <param name="tolist" value="${mail.failure.tolist}" />
          <param name="message" value="${mail.failure.message}" />
          <param name="subject" value="${mail.failure.subject}" />
        </antcall>
      </then>
      <else>
        <echoSkipTarget target="mail.failure" />
      </else>
    </if>
  </target>


  <!--
   Sends an e-mail notification.
  -->
  <target name="mail">
    <condition property="files" value="">
      <not>
        <isset property="files" />
      </not>
    </condition>
    <mail from="${mail.from}"
          tolist="${tolist}"
          message="${message}"
          files="${files}"
          mailhost="${mail.mailhost}"
          mailport="${mail.mailport}"
          user="${mail.user}"
          password="${mail.password}"
          ssl="${mail.ssl}"
          subject="${subject}" />
  </target>


  <!--
   Prints out a message of skipping a target.
  -->
  <macrodef name="echoSkipTarget">
    <attribute name="target" />
    <sequential>
      <echoNL bundle="wcbd-deploy-messages" key="ECHO_SKIP_TARGET">
        <arg value="@{target}" />
      </echoNL>
    </sequential>
  </macrodef>

</project>
