<?xml version="1.0" encoding="UTF-8"?>

<!--
 =================================================================
  Licensed Materials - Property of IBM

  WebSphere Commerce

  (C) Copyright IBM Corp. 2007, 2016 All Rights Reserved.

  US Government Users Restricted Rights - Use, duplication or
  disclosure restricted by GSA ADP Schedule Contract with
  IBM Corp.
 =================================================================
-->

<!--
 ===============================================================================
 This Ant file provides helper targets for the WCBD build process.
 ===============================================================================
-->

<!--
 ===============================================================================
 CUSTOMIZATION: Create an Ant build file called <project>-build-common.xml
 import this file to access targets in this file for use or extension. DO NOT
 modify this file directly.
 ===============================================================================
-->
<project name="wcbd-build-common">

	<!-- Define Ant-Contrib tasks -->
	<taskdef resource="net/sf/antcontrib/antlib.xml"/>

	<!-- Create ${unit.test.lib.dir} in case it does not exist -->
	<mkdir dir="${unit.test.lib.dir}" />

	<!-- Classpath of required WAS libraries -->
	<path id="was.class.path">
		<fileset dir="${was.home}">
			<exclude name="plugins/nls/**/*.jar" />
			<include name="lib/**/*.jar" />
			<include name="plugins/**/*.jar" />
		</fileset>
	</path>
	
	<!-- Set the classpath based on the application type that is being built -->
	<property name="app.type" value="wc" /> <!-- default value is a wc build -->
	<property file="${basedir}/wcbd-build-${app.type}-definition.properties" /> <!-- load application specific variables -->
	<import file="${basedir}/${app.type.classpath.definition}" />

	<!-- Define WCBD tasks -->
	<taskdef resource="com/ibm/commerce/wcbd/ant/antlib.xml">
		<classpath>
			<pathelement location="${basedir}/lib/icu4j.jar" />
			<pathelement location="${basedir}/lib/wcbd-ant.jar" />
			<!--
			 Include the folder that contains the resource bundles for messages
			 printed in the classpath
			-->
			<pathelement location="${basedir}/properties" />
			<path refid="was.class.path" />
		</classpath>
	</taskdef>

	<!--
	 Calls the user-defined Ant file to extract source code.
	-->
	<target name="extract">
		<if>
			<istrue value="${run.extract}" />
			<then>
				<validateProperty property="extract.ant.file"
				                  trim="true"
				                  nonempty="true"
				                  fileExist="true" />
				<echoNL bundle="wcbd-build-messages" key="EXTRACT">
					<arg value="${extract.ant.file}" />
				</echoNL>
				<if>
					<isfalse value="${extract.update.mode}" />
					<then>
						<delete dir="${source.dir}" quiet="true" />
					</then>
				</if>
				<mkdir dir="${source.dir}" />
				<ant antfile="${extract.ant.file}" />
			</then>
			<else>
				<echoSkipTarget target="extract" />
			</else>
		</if>
	</target>


	<!--
	 Compiles and archives a global JAR file containing all Java code from the
	 modules to be built. This JAR file is then used to compile the Java code
	 from individual modules, so to avoid possible circular dependency issues.
	-->
	<target name="compile.archive.global">
		<echoNL bundle="wcbd-build-messages" key="COMPILE_GLOBAL" />
		<validateProperty property="module.dir"
		                  trim="true"
		                  nonempty="true"
		                  fileExist="true" />
		<delete dir="${working.compile.dir}/global" quiet="true" />
		<mkdir dir="${working.compile.dir}/global/src" />
		<mkdir dir="${working.compile.dir}/global/bin" />
		<mkdir dir="${working.compile.dir}/global/${imported.classes.dir}" />

		<!-- Copy Java source from all modules -->
		<foreach list="${java.module.list}"
		         target="copy.java.source"
		         param="module.name"
		         trim="true"
		         inheritall="true"
		         inheritrefs="true">
			<param name="dest" value="${working.compile.dir}/global/src" />
			<param name="imported.classes.dest"
			       value="${working.compile.dir}/global/${imported.classes.dir}" />
			<param name="src.dir" value="${java.src.dir}" />
		</foreach>
		<foreach list="${connector.module.list}"
		         target="copy.java.source"
		         param="module.name"
		         trim="true"
		         inheritall="true"
		         inheritrefs="true">
			<param name="dest" value="${working.compile.dir}/global/src" />
			<param name="imported.classes.dest"
			       value="${working.compile.dir}/global/${imported.classes.dir}" />
			<param name="src.dir" value="${connector.src.dir}" />
		</foreach>
		<foreach list="${ejb.module.list}"
		         target="copy.java.source"
		         param="module.name"
		         trim="true"
		         inheritall="true"
		         inheritrefs="true">
			<param name="dest" value="${working.compile.dir}/global/src" />
			<param name="imported.classes.dest"
			       value="${working.compile.dir}/global/${imported.classes.dir}" />
			<param name="src.dir" value="${ejb.src.dir}" />
		</foreach>
		<foreach list="${web.module.list}"
		         target="copy.java.source"
		         param="module.name"
		         trim="true"
		         inheritall="true"
		         inheritrefs="true">
			<param name="dest" value="${working.compile.dir}/global/src" />
			<param name="imported.classes.dest"
			       value="${working.compile.dir}/global/${imported.classes.dir}" />
			<param name="src.dir" value="${web.src.dir}" />
		</foreach>

		<javac srcdir="${working.compile.dir}/global/src"
		       destdir="${working.compile.dir}/global/bin"
		       debug="true"
		       includeantruntime="false" fork="true">
			<classpath>
				<pathelement location="${working.compile.dir}/global/${imported.classes.dir}" />
				<path refid="compile.class.path" />
			</classpath>
		</javac>

		<delete file="${working.compile.dir}/global.jar" quiet="true" />
		<jar destfile="${working.compile.dir}/global.jar">
			<fileset dir="${working.compile.dir}/global/bin" />
			<fileset dir="${working.compile.dir}/global/${imported.classes.dir}" />
		</jar>
	</target>


	<!--
	 Compiles and archives connector modules as specified in the configuration.
	 Note that connector modules are expanded archives.
	-->
	<target name="compile.archive.connector">
		<antcall target="compile.archive.module.batch">
			<param name="module.list" value="${connector.module.list}" />
			<param name="type" value="connector" />
			<param name="src.dir" value="${connector.src.dir}" />
			<param name="bin.dir" value="${connector.bin.dir}" />
			<param name="archive.ant.target" value="archive.connector.module" />
		</antcall>
	</target>


	<!--
	 Compiles and archives EJB modules as specified in the configuration. EJB
	 deployment will also be done as part of this task.
	-->
	<target name="compile.archive.ejb">
		<antcall target="compile.archive.module.batch">
			<param name="module.list" value="${ejb.module.list}" />
			<param name="type" value="ejb" />
			<param name="src.dir" value="${ejb.src.dir}" />
			<param name="bin.dir" value="${ejb.bin.dir}" />
			<param name="archive.ant.target" value="archive.ejb.module" />
		</antcall>
	</target>


	<!--
	 Compiles and archives Java utility modules as specified in the
	 configuration.
	-->
	<target name="compile.archive.java">
		<antcall target="compile.archive.module.batch">
			<param name="module.list" value="${java.module.list}" />
			<param name="type" value="java" />
			<param name="src.dir" value="${java.src.dir}" />
			<param name="bin.dir" value="${java.bin.dir}" />
			<param name="archive.ant.target" value="archive.java.module" />
		</antcall>
	</target>


	<!--
	 Compiles and archives Web modules as specified in the configuration. Note
	 that Web modules are expanded archives.
	-->
	<target name="compile.archive.web">
		<antcall target="compile.archive.module.batch">
			<param name="module.list" value="${web.module.list}" />
			<param name="type" value="web" />
			<param name="src.dir" value="${web.src.dir}" />
			<param name="bin.dir" value="${web.bin.dir}" />
			<param name="archive.ant.target" value="archive.web.module" />
		</antcall>
	</target>
	

	<!--
	 Compiles and archives a list of modules of the same type. Archive will run
	 only of the name of a target in this file for archiving is given.
	-->
	<target name="compile.archive.module.batch">
		<if>
			<length string="${module.list}" length="0" trim="true" />
			<then>
				<echoNL bundle="wcbd-build-messages"
				        key="COMPILE_ARCHIVE_MODULE_EMPTY_LIST">
					<arg value="${type}" />
				</echoNL>
			</then>
			<else>
				<echoNL bundle="wcbd-build-messages"
				        key="COMPILE_ARCHIVE_MODULE_LIST">
					<arg value="${type}" />
					<arg value="${module.list}" />
				</echoNL>
				<foreach list="${module.list}"
				         target="compile.archive.module"
				         param="module.name"
				         trim="true"
				         inheritall="true"
				         inheritrefs="true" />
			</else>
		</if>
	</target>


	<!--
	 Compiles and archives a module.
	-->
	<target name="compile.archive.module">
		<echoNL bundle="wcbd-build-messages" key="COMPILE_ARCHIVE_MODULE">
			<arg value="${type}" />
			<arg value="${module.name}" />
		</echoNL>
		<delete dir="${working.compile.dir}/${type}/${module.name}"
		        quiet="true" />
		<mkdir dir="${working.compile.dir}/${type}/${module.name}/${src.dir}" />
		<mkdir dir="${working.compile.dir}/${type}/${module.name}/${bin.dir}" />
		<mkdir dir="${working.compile.dir}/${type}/${module.name}/${imported.classes.dir}" />

		<antcall target="copy.java.source">
			<param name="module.name" value="${module.name}" />
			<param name="dest"
			       value="${working.compile.dir}/${type}/${module.name}/${src.dir}" />
			<param name="imported.classes.dest"
			       value="${working.compile.dir}/${type}/${module.name}/${imported.classes.dir}" />
			<param name="src.dir" value="${src.dir}" />
		</antcall>

		<javac srcdir="${working.compile.dir}/${type}/${module.name}/${src.dir}"
		       destdir="${working.compile.dir}/${type}/${module.name}/${bin.dir}"
		       debug="true"
		       includeantruntime="false" fork="true">
			<classpath>
				<pathelement location="${working.compile.dir}/${type}/${module.name}/${imported.classes.dir}" />
				<path refid="compile.class.path" />
			</classpath>
		</javac>

		<!-- If an archive Ant target name is given, run the target -->
		<if>
			<isset property="archive.ant.target" />
			<then>
				<antcall target="${archive.ant.target}" />
			</then>
		</if>
	</target>


	<!--
	 Archives a connector module (in expanded form).
	-->
	<target name="archive.connector.module">
		<echoNL bundle="wcbd-build-messages" key="ARCHIVE_MODULE">
			<arg value="${type}" />
			<arg value="${module.name}" />
		</echoNL>
		<mkdir dir="${working.archive.dir}/${type}" />

		<!-- Detect JCA spec version and archive accordingly -->
		<delete file="${working.archive.dir}/${type}/${module.name}.rar"
		        quiet="true" />
		<evalXPath file="${module.dir}/${module.name}/${src.dir}/META-INF/ra.xml"
		           property="connector.version"
		           xPath="/connector/@version"
		           quiet="true" />
		<if>
			<equals arg1="${connector.version}" arg2="1.5" />
			<then>
				<delete file="${working.archive.dir}/${type}/ra.jar"
				        quiet="true" />
				<jar destfile="${working.archive.dir}/${type}/ra.jar">
					<fileset dir="${working.compile.dir}/${type}/${module.name}/${bin.dir}"
					         excludes="**/*.java" />
					<fileset dir="${working.compile.dir}/${type}/${module.name}/${imported.classes.dir}" />
				</jar>
				<if>
					<available file="${module.dir}/${module.name}/${src.dir}"
					           type="dir" />
					<then>
						<zip destfile="${working.archive.dir}/${type}/ra.jar"
						     update="true">
							<fileset dir="${module.dir}/${module.name}/${src.dir}">
								<exclude name="**/*.java" />
								<exclude name="*.jar" />
								<exclude name="META-INF/**" />
							</fileset>
						</zip>
					</then>
				</if>
				<zip destfile="${working.archive.dir}/${type}/${module.name}.rar">
					<fileset file="${working.archive.dir}/${type}/ra.jar" />
				</zip>
				<delete file="${working.archive.dir}/${type}/ra.jar"
				        quiet="true" />
				<if>
					<available file="${module.dir}/${module.name}/${src.dir}"
					           type="dir" />
					<then>
						<zip destfile="${working.archive.dir}/${type}/${module.name}.rar"
						     update="true">
							<fileset dir="${module.dir}/${module.name}/${src.dir}">
								<include name="*.*" />
								<include name="META-INF/**" />
							</fileset>
						</zip>
					</then>
				</if>
			</then>
			<else>
				<zip destfile="${working.archive.dir}/${type}/${module.name}.rar">
					<fileset dir="${working.compile.dir}/${type}/${module.name}/${bin.dir}"
					         excludes="**/*.java" />
					<fileset dir="${working.compile.dir}/${type}/${module.name}/${imported.classes.dir}" />
				</zip>
				<if>
					<available file="${module.dir}/${module.name}/${src.dir}"
					           type="dir" />
					<then>
						<zip destfile="${working.archive.dir}/${type}/${module.name}.rar"
						     update="true">
							<fileset dir="${module.dir}/${module.name}/${src.dir}"
							         excludes="**/*.java" />
						</zip>
					</then>
				</if>
			</else>
		</if>
	</target>


	<!--
	 Deploys and archives an EJB module.
	-->
	<target name="archive.ejb.module">
		<echoNL bundle="wcbd-build-messages" key="ARCHIVE_EJB_MODULE">
			<arg value="${module.name}" />
		</echoNL>
		<mkdir dir="${working.archive.dir}/${type}" />
		<copy todir="${working.compile.dir}/${type}/${module.name}/${bin.dir}"
		      preservelastmodified="true">
			<fileset dir="${module.dir}/${module.name}/${src.dir}"
			         excludes="**/*.java" />
		</copy>

		<!-- Remove default CMP datasource -->
		<replaceregexp file="${working.compile.dir}/${type}/${module.name}/${bin.dir}/META-INF/ibm-ejb-jar-bnd.xmi"
		               match="[ \t]*&lt;defaultCMPConnectionFactory([^\r\n]*)&gt;[\r\n]*"
		               replace=""
		               flags="gs" />

		<delete file="${working.compile.dir}/${type}/${module.name}.input.jar"
		        quiet="true" />
		<zip destfile="${working.compile.dir}/${type}/${module.name}.input.jar">
			<fileset dir="${working.compile.dir}/${type}/${module.name}/${bin.dir}"
			         excludes="**/*.java" />
			<fileset dir="${working.compile.dir}/${type}/${module.name}/${imported.classes.dir}" />
		</zip>

		<!-- Define the WAS ejbdeploy task -->
		<taskdef name="ejbDeploy"
		         classname="com.ibm.websphere.ant.tasks.WsEjbDeploy">
			<classpath refid="was.class.path" />
		</taskdef>

		<delete file="${working.archive.dir}/${type}/${module.name}.jar"
		        quiet="true" />
		<!--
		 These conditions added to for compatibility, in case user does
		 not update their properties file with these new properties.
		-->
		<condition property="ejbdeploy.codegen" value="false">
			<not>
				<isset property="ejbdeploy.codegen" />
			</not>
		</condition>
		<condition property="ejbdeploy.keep.generated" value="false">
			<not>
				<isset property="ejbdeploy.keep.generated" />
			</not>
		</condition>
		<condition property="ejbdeploy.quiet" value="true">
			<not>
				<isset property="ejbdeploy.quiet" />
			</not>
		</condition>
		<condition property="ejbdeploy.no.validate" value="true">
			<not>
				<isset property="ejbdeploy.no.validate" />
			</not>
		</condition>
		<condition property="ejbdeploy.trace" value="false">
			<not>
				<isset property="ejbdeploy.trace" />
			</not>
		</condition>
		<condition property="ejbdeploy.jvm.max.memory" value="256M">
			<not>
				<isset property="ejbdeploy.jvm.max.memory" />
			</not>
		</condition>

		<ejbDeploy inputJar="${working.compile.dir}/${type}/${module.name}.input.jar"
		           wasHome="${was.home}"
		           workingDirectory="${working.compile.dir}/${type}/${module.name}"
		           outputJar="${working.archive.dir}/${type}/${module.name}.jar"
		           classpathref="compile.class.path"
		           codegen="${ejbdeploy.codegen}"
		           dbvendor="${ejbdeploy.dbvendor}"
		           keepGenerated="${ejbdeploy.keep.generated}"
		           quiet="${ejbdeploy.quiet}"
		           noValidate="${ejbdeploy.no.validate}"
		           failonerror="true"
		           trace="${ejbdeploy.trace}"
		           jvmMaxMemory="${ejbdeploy.jvm.max.memory}" />
		<failNL bundle="wcbd-build-messages" key="ERR_EJB_DEPLOY">
			<arg value="${module.name}" />
			<condition>
				<not>
					<available file="${working.archive.dir}/${type}/${module.name}.jar"
					           type="file" />
				</not>
			</condition>
		</failNL>
	</target>


	<!--
	 Archives a Java utility module.
	-->
	<target name="archive.java.module">
		<echoNL bundle="wcbd-build-messages" key="ARCHIVE_MODULE">
			<arg value="${type}" />
			<arg value="${module.name}" />
		</echoNL>
		<mkdir dir="${working.archive.dir}/${type}" />

		<delete file="${working.archive.dir}/${type}/${module.name}.jar"
		        quiet="true" />
		<if>
			<available file="${module.dir}/${module.name}/${src.dir}/META-INF/MANIFEST.MF"
			           type="file" />
			<then>
				<jar destfile="${working.archive.dir}/${type}/${module.name}.jar"
				     manifest="${module.dir}/${module.name}/${src.dir}/META-INF/MANIFEST.MF">
					<fileset dir="${working.compile.dir}/${type}/${module.name}/${bin.dir}" />
					<fileset dir="${working.compile.dir}/${type}/${module.name}/${imported.classes.dir}" />
				</jar>
			</then>
			<else>
				<jar destfile="${working.archive.dir}/${type}/${module.name}.jar">
					<fileset dir="${working.compile.dir}/${type}/${module.name}/${bin.dir}" />
					<fileset dir="${working.compile.dir}/${type}/${module.name}/${imported.classes.dir}" />
				</jar>
			</else>
		</if>
		<if>
			<available file="${module.dir}/${module.name}/${src.dir}"
			           type="dir" />
			<then>
				<zip destfile="${working.archive.dir}/${type}/${module.name}.jar"
				     update="true">
					<fileset dir="${module.dir}/${module.name}/${src.dir}"
					         excludes="**/*.java" />
				</zip>
			</then>
		</if>
	</target>


	<!--
	 Archives a Web module (in expanded form).
	-->
	<target name="archive.web.module">
		<echoNL bundle="wcbd-build-messages" key="ARCHIVE_MODULE">
			<arg value="${type}" />
			<arg value="${module.name}" />
		</echoNL>
		<delete dir="${working.archive.dir}/${type}/${module.name}.war"
		        quiet="true" />
		<mkdir dir="${working.archive.dir}/${type}" />
		<available property="web.content.includes.file.exists"
		           file="${module.dir}/${module.name}/web-content-includes.txt"
		           type="file" />
		<available property="web.content.excludes.file.exists"
		           file="${module.dir}/${module.name}/web-content-excludes.txt"
		           type="file" />
		<copy todir="${working.archive.dir}/${type}/${module.name}.war"
		      preservelastmodified="true">
			<fileset dir="${module.dir}/${module.name}/${web.content.dir}">
				<includesfile name="${module.dir}/${module.name}/web-content-includes.txt"
				              if="web.content.includes.file.exists" />
				<excludesfile name="${module.dir}/${module.name}/web-content-excludes.txt"
				              if="web.content.excludes.file.exists" />
			</fileset>
		</copy>
		<copy todir="${working.archive.dir}/${type}/${module.name}.war/WEB-INF/classes"
		      preservelastmodified="true">
			<fileset dir="${working.compile.dir}/${type}/${module.name}/${bin.dir}" />
			<fileset dir="${working.compile.dir}/${type}/${module.name}/${imported.classes.dir}" />
		</copy>
		<if>
			<available file="${module.dir}/${module.name}/${src.dir}"
			           type="dir" />
			<then>
				<copy todir="${working.archive.dir}/${type}/${module.name}.war/WEB-INF/classes"
				      preservelastmodified="true">
					<fileset dir="${module.dir}/${module.name}/${src.dir}"
					         excludes="**/*.java" />
				</copy>
			</then>
		</if>
	</target>


	<!--
	 Copies the Java source of a module to a destination.
	-->
	<target name="copy.java.source">
		<failNL bundle="wcbd-build-messages" key="ERR_MODULE_NOT_FOUND">
			<arg value="${module.name}" />
			<arg value="${module.dir}" />
			<condition>
				<not>
					<available file="${module.dir}/${module.name}" type="dir" />
				</not>
			</condition>
		</failNL>
		<if>
			<available file="${module.dir}/${module.name}/${src.dir}"
			           type="dir" />
			<then>
				<copy todir="${dest}" preservelastmodified="true">
					<fileset dir="${module.dir}/${module.name}/${src.dir}"
					         includes="**/*.java" />
				</copy>
			</then>
		</if>
		<if>
			<available file="${module.dir}/${module.name}/${imported.classes.dir}"
			           type="dir" />
			<then>
				<copy todir="${imported.classes.dest}"
				      preservelastmodified="true">
					<fileset dir="${module.dir}/${module.name}/${imported.classes.dir}" />
				</copy>
			</then>
		</if>
	</target>


	<!--
	 Creates the server deployment package.
	-->
	<target name="package.server">
		<if>
			<istrue value="${run.package.server}" />
			<then>
				<echoNL bundle="wcbd-build-messages" key="PACKAGE_SERVER">
					<arg value="${dist.server.dir}/wcbd-deploy-server${build.type.suffix}-${build.label}.zip" />
				</echoNL>
				<delete dir="${working.package.server.dir}" quiet="true" />
				<mkdir dir="${working.package.server.dir}/source" />

				<!-- Copy all module archives -->
				<antcall target="copy.server.archive.module.batch">
					<param name="assets.dir" value="${app.type}.ear.ext" />
					<param name="type" value="connector" />
					<param name="module.list"
					       value="${connector.module.list}" />
					<param name="ext" value="rar" />
				</antcall>
				<antcall target="copy.server.archive.module.batch">
					<param name="assets.dir" value="${app.type}.ear.ext" />
					<param name="type" value="ejb" />
					<param name="module.list" value="${ejb.module.list}" />
					<param name="ext" value="jar" />
				</antcall>
				<antcall target="copy.server.archive.module.batch">
					<param name="assets.dir" value="${app.type}.ear" />
					<param name="type" value="java" />
					<param name="module.list" value="${java.module.list}" />
					<param name="ext" value="jar" />
				</antcall>
				<antcall target="copy.server.archive.module.batch">
					<param name="assets.dir" value="${app.type}.ear.ext" />
					<param name="type" value="web" />
					<param name="module.list" value="${web.module.list}" />
					<param name="ext" value="war" />
				</antcall>

				<!--
				 Copy the contents of the dataload module to the dataload dir
				-->
				<if>
					<and>
						<length string="${data.module.name}"
						        length="0"
						        trim="true"
						        when="gt" />
						<available file="${module.dir}/${data.module.name}"
						           type="dir" />
					</and>
					<then>
						<copy todir="${working.package.server.dir}/source/dataload"
						      preservelastmodified="true">
							<fileset dir="${module.dir}/${data.module.name}"
							         excludes=".project" />
						</copy>
					</then>
				</if>

				<!--
				 Copy the contents of the static Web module to the staticweb dir
				-->
				<if>
					<and>
						<length string="${static.web.module.name}"
						        length="0"
						        trim="true"
						        when="gt" />
						<available file="${module.dir}/${static.web.module.name}/${web.content.dir}"
						           type="dir" />
					</and>
					<then>
						<copy todir="${working.package.server.dir}/source/staticweb"
						      preservelastmodified="true">
							<fileset dir="${module.dir}/${static.web.module.name}/${web.content.dir}" />
						</copy>
					</then>
				</if>

				<!-- Copy EAR contents -->
				<if>
					<and>
						<not>
							<equals arg1="${app.type.ear.project}" arg2="" />
						</not>
						<available file="${module.dir}/${app.type.ear.project}" type="dir" />
					</and>
					<then>
						<available property="ear.dir.includes.file.exists"
						           file="${module.dir}/${app.type.ear.project}/ear-dir-includes.txt"
						           type="file" />
						<available property="ear.dir.excludes.file.exists"
						           file="${module.dir}/${app.type.ear.project}/ear-dir-excludes.txt"
						           type="file" />
						<copy todir="${working.package.server.dir}/source/${app.type}.ear"
						      preservelastmodified="true">
							<!--
							 Exclude EAR metadata but leave
							 ibm-partialapp-delete.props used for deleting files
							 via a partial application zip file.
							-->
							<fileset dir="${module.dir}/${app.type.ear.project}"
							         includes="${ear.dir.includes}"
							         excludes="${ear.dir.excludes}">
								<exclude name=".*" />
								<exclude name=".settings/**" />
								<exclude name="META-INF/application.xml" />
								<exclude name="META-INF/ibm-*" />
								<exclude name="META-INF/ibmconfig/**" />
								<includesfile name="${module.dir}/${app.type.ear.project}/ear-dir-includes.txt"
								              if="ear.dir.includes.file.exists" />
								<excludesfile name="${module.dir}/${app.type.ear.project}/ear-dir-excludes.txt"
								              if="ear.dir.excludes.file.exists" />
							</fileset>
							<fileset dir="${module.dir}/${app.type.ear.project}"
							         includes="META-INF/ibm-partialapp-delete.props" />
						</copy>
					</then>
				</if>

				<!-- Copy server deployment assets -->
				<copy todir="${working.package.server.dir}"
				      preservelastmodified="true">
					<fileset dir="${deploy.server.dir}" />
				</copy>

				<!-- Copy lib dir -->
				<copy todir="${working.package.server.dir}/lib"
				      preservelastmodified="true">
					<fileset dir="${basedir}/lib" />
				</copy>

				<!-- Generate wcbd-build-info.properties -->
				<antcall target="generate.wcbd.build.info">
					<param name="dest.dir"
					       value="${working.package.server.dir}" />
				</antcall>

				<!-- Runs dos2unix -->
				<antcall target="dos2unix">
					<param name="src.dir"
					       value="${working.package.server.dir}" />
				</antcall>

				<!-- Create the deployment package zip file in the dist dir -->
				<delete file="${dist.server.dir}/wcbd-deploy-server${build.type.suffix}-${build.label}.zip"
				        quiet="true" />
				<mkdir dir="${dist.server.dir}" />

				<zip destfile="${dist.server.dir}/wcbd-deploy-server${build.type.suffix}-${build.label}.zip">
					<zipfileset dir="${working.package.server.dir}"
					            prefix="wcbd-deploy-server${build.type.suffix}-${build.label}" />
				</zip>
			</then>
			<else>
				<echoSkipTarget target="package.server" />
			</else>
		</if>
	</target>


	<!--
	 Copies a list of modules to the server packaging directory.
	-->
	<target name="copy.server.archive.module.batch">
		<foreach list="${module.list}"
		         target="copy.server.archive.module"
		         param="module.name"
		         trim="true"
		         inheritall="true"
		         inheritrefs="true" />
	</target>


	<!--
	 Copies a module to the server packaging directory.
	-->
	<target name="copy.server.archive.module">
		<copy todir="${working.package.server.dir}/source/${assets.dir}"
		      preservelastmodified="true">
			<fileset dir="${working.archive.dir}/${type}">
				<include name="${module.name}.${ext}" />
			</fileset>
			<fileset dir="${working.archive.dir}/${type}">
				<include name="${module.name}.${ext}/**" />
			</fileset>
		</copy>
	</target>


	<!--
	 Creates the toolkit deployment package.
	-->
	<target name="package.toolkit">
		<if>
			<istrue value="${run.package.toolkit}" />
			<then>
				<echoNL bundle="wcbd-build-messages" key="PACKAGE_TOOLKIT">
					<arg value="${dist.toolkit.dir}/wcbd-deploy-toolkit${build.type.suffix}-${build.label}.zip" />
				</echoNL>
				<delete dir="${working.package.toolkit.dir}" quiet="true" />
				<mkdir dir="${working.package.toolkit.dir}/source" />

				<!-- Copy all modules (projects) -->
				<antcall target="copy.toolkit.module.batch">
					<param name="module.list"
					       value="${connector.module.list}" />
				</antcall>
				<antcall target="copy.toolkit.module.batch">
					<param name="module.list" value="${ejb.module.list}" />
				</antcall>
				<antcall target="copy.toolkit.module.batch">
					<param name="module.list" value="${java.module.list}" />
				</antcall>
				<antcall target="copy.toolkit.module.batch">
					<param name="module.list" value="${web.module.list}" />
				</antcall>

				<if>
					<and>
						<length string="${data.module.name}"
						        length="0"
						        trim="true"
						        when="gt" />
						<available file="${module.dir}/${data.module.name}"
						           type="dir" />
					</and>
					<then>
						<antcall target="copy.toolkit.module.batch">
							<param name="module.list"
							       value="${data.module.name}" />
						</antcall>
					</then>
				</if>

				<if>
					<and>
						<length string="${static.web.module.name}"
						        length="0"
						        trim="true"
						        when="gt" />
						<available file="${module.dir}/${static.web.module.name}"
						           type="dir" />
					</and>
					<then>
						<antcall target="copy.toolkit.module.batch">
							<param name="module.list"
							       value="${static.web.module.name}" />
						</antcall>
					</then>
				</if>

				<if>
					<and>
						<not>
							<equals arg1="${app.type.ear.project}" arg2="" />
						</not>
						<available file="${module.dir}/${app.type.ear.project}" type="dir" />
					</and>
					<then>
						<copy todir="${working.package.toolkit.dir}/source/workspace/${app.type.ear.project}"
						      preservelastmodified="true">
							<fileset dir="${module.dir}/${app.type.ear.project}"
							         includes="${ear.dir.includes}"
							         excludes="${ear.dir.excludes}" />
						</copy>
					</then>
				</if>

				<!-- Copy toolkit deployment assets -->
				<copy todir="${working.package.toolkit.dir}"
				      preservelastmodified="true">
					<fileset dir="${deploy.toolkit.dir}" />
				</copy>

				<!-- Copy lib dir -->
				<copy todir="${working.package.toolkit.dir}/lib"
				      preservelastmodified="true">
					<fileset dir="${basedir}/lib" />
				</copy>

				<!-- Generate wcbd-build-info.properties -->
				<antcall target="generate.wcbd.build.info">
					<param name="dest.dir"
					       value="${working.package.toolkit.dir}" />
				</antcall>

				<!-- Create the deployment package zip file in the dist dir -->
				<delete file="${dist.toolkit.dir}/wcbd-deploy-toolkit${build.type.suffix}-${build.label}.zip"
				        quiet="true" />
				<mkdir dir="${dist.toolkit.dir}" />

				<zip destfile="${dist.toolkit.dir}/wcbd-deploy-toolkit${build.type.suffix}-${build.label}.zip">
					<zipfileset dir="${working.package.toolkit.dir}"
					            prefix="wcbd-deploy-toolkit${build.type.suffix}-${build.label}" />
				</zip>
			</then>
			<else>
				<echoSkipTarget target="package.toolkit" />
			</else>
		</if>
	</target>


	<!--
	 Copies a list of modules (projects) to the toolkit packaging directory.
	-->
	<target name="copy.toolkit.module.batch">
		<foreach list="${module.list}"
		         target="copy.toolkit.module"
		         param="module.name"
		         trim="true"
		         inheritall="true"
		         inheritrefs="true" />
	</target>


	<!--
	 Copies a module (project) to the toolkit packaging directory.
	-->
	<target name="copy.toolkit.module">
		<copy todir="${working.package.toolkit.dir}/source/workspace/${module.name}"
		      preservelastmodified="true">
			<fileset dir="${module.dir}/${module.name}" />
		</copy>
	</target>


	<!--
	 Generates a file called wcbd-build-info.properties with a single property
	 "build.label". This file is to be included in the root of the deployment
	 packages to keep track of deployment package version.
	-->
	<target name="generate.wcbd.build.info">
		<tstamp>
			<format property="build.date" pattern="yyyy/MM/dd" />
		</tstamp>
		<delete file="{dest.dir}/wcbd-build-info.properties" />
		<propertyfile file="${dest.dir}/wcbd-build-info.properties">
			<entry key="build.label" value="${build.label}" />
			<entry key="build.date" value="${build.date}" />
			<entry key="wcbd.version" value="${wcbd.version}" />
			<entry key="app.type" value="${app.type}" />
			<entry key="app.type.ear.project" value="${app.type.ear.project}" />
		</propertyfile>
		<if>
			<isset property="build.type" />
			<then>
				<propertyfile file="${dest.dir}/wcbd-build-info.properties">
					<entry key="build.type" value="${build.type}" />
				</propertyfile>
			</then>
		</if>
	</target>


	<!--
	 Runs dos2unix on files in a destination. An improvement of this custom
	 <dos2unix> task over the <fixcrlf> task is that the file is manipulated as
	 a FileStream rather than a FileReader, so that it works independently of
	 encoding.
	-->
	<target name="dos2unix">
		<if>
			<istrue value="${run.dos2unix}" />
			<then>
				<echoNL bundle="wcbd-build-messages" key="DOS_2_UNIX">
					<arg value="${src.dir}" />
				</echoNL>
				<dos2unix dir="${src.dir}"
				          includes="${dos2unix.includes}"
				          excludes="${dos2unix.excludes}" />
			</then>
			<else>
				<echoSkipTarget target="dos2unix" />
			</else>
		</if>
	</target>


	<!--
	 Runs the centralized WCBD server deployment process.
	-->
	<target name="deploy.server">
		<if>
			<istrue value="${run.deploy.server}" />
			<then>
				<mkdir dir="${deploy.server.workspace.dir}" />
				<delete dir="${deploy.server.workspace.dir}/wcbd-deploy-server${build.type.suffix}-${build.label}"
				        quiet="true" />
				<unzip src="${dist.server.dir}/wcbd-deploy-server${build.type.suffix}-${build.label}.zip"
				       dest="${deploy.server.workspace.dir}" />
			        <chmod file="${deploy.server.workspace.dir}/wcbd-deploy-server${build.type.suffix}-${build.label}/${deploy.server.command}"
				       perm="u+x" />
				<foreach list="${deploy.server.target.env.list}"
				         target="deploy.server.target.env"
				         param="target.env"
				         trim="true"
				         inheritall="true"
				         inheritrefs="true" />
			</then>
			<else>
				<echoSkipTarget target="deploy.server" />
			</else>
		</if>
	</target>


	<target name="deploy.server.target.env">
		<echoNL bundle="wcbd-build-messages" key="DEPLOY_SERVER_TARGET_ENV">
			<arg value="${target.env}" />
		</echoNL>
		<exec executable="${deploy.server.workspace.dir}/wcbd-deploy-server${build.type.suffix}-${build.label}/${deploy.server.command}"
		      dir="${deploy.server.workspace.dir}/wcbd-deploy-server${build.type.suffix}-${build.label}"
		      failonerror="true">
			<env key="WCBD_DIRECT_CALL" value="Y" />
			<arg line="${deploy.server.command.args}" />
			<arg value="-Dtarget.env=${target.env}" />
		</exec>
	</target>


	<!--
	 Cleans the working directory. It is intended as a post-build clean-up task.
	-->
	<target name="clean.working.dir">
		<if>
			<istrue value="${run.clean.working.dir}" />
			<then>
				<delete dir="${working.dir}" quiet="true" />
			</then>
			<else>
				<echoSkipTarget target="clean.working.dir" />
			</else>
		</if>
	</target>


	<!--
	 Sends build success e-mail notification.
	-->
	<target name="mail.success">
		<if>
			<istrue value="${run.mail.success}" />
			<then>
				<echoNL bundle="wcbd-build-messages" key="MAIL_SUCCESS" />
				<antcall target="mail">
					<param name="tolist" value="${mail.success.tolist}" />
					<param name="message" value="${mail.success.message}" />
					<param name="subject" value="${mail.success.subject}" />
				</antcall>
			</then>
			<else>
				<echoSkipTarget target="mail.success" />
			</else>
		</if>
	</target>


	<!--
	 Sends build failure e-mail notification.
	-->
	<target name="mail.failure">
		<if>
			<istrue value="${run.mail.failure}" />
			<then>
				<echoNL bundle="wcbd-build-messages" key="MAIL_FAILURE" />
				<antcall target="mail">
					<param name="tolist" value="${mail.failure.tolist}" />
					<param name="message" value="${mail.failure.message}" />
					<param name="subject" value="${mail.failure.subject}" />
				</antcall>
			</then>
			<else>
				<echoSkipTarget target="mail.failure" />
			</else>
		</if>
	</target>


	<!--
	 Sends an e-mail notification.
	-->
	<target name="mail">
		<condition property="files" value="">
			<not>
				<isset property="files" />
			</not>
		</condition>
		<mail from="${mail.from}"
		      tolist="${tolist}"
		      message="${message}"
		      files="${files}"
		      mailhost="${mail.mailhost}"
		      mailport="${mail.mailport}"
		      user="${mail.user}"
		      password="${mail.password}"
		      ssl="${mail.ssl}"
		      subject="${subject}" />
	</target>


	<!--
	 Prints out a message of skipping a target.
	-->
	<macrodef name="echoSkipTarget">
		<attribute name="target" />
		<sequential>
			<echoNL bundle="wcbd-build-messages" key="ECHO_SKIP_TARGET">
				<arg value="@{target}" />
			</echoNL>
		</sequential>
	</macrodef>

</project>
