<?xml version="1.0" encoding="UTF-8"?>

<!--
 =================================================================
  Licensed Materials - Property of IBM

  WebSphere Commerce

  (C) Copyright IBM Corp. 2007, 2011 All Rights Reserved.

  US Government Users Restricted Rights - Use, duplication or
  disclosure restricted by GSA ADP Schedule Contract with
  IBM Corp.
 =================================================================
-->

<!--
 ===============================================================================
 This Ant file is the sample source extraction script from CVS.
 ===============================================================================
-->
<project name="wcbd-sample-extract-cvs" default="all">

	<available property="found.${ant.project.name}.properties"
	           file="${basedir}/${ant.project.name}.properties"
	           type="file" />
	<fail message="${basedir}/${ant.project.name}.properties does not exist."
	      unless="found.${ant.project.name}.properties" />
	<property file="${basedir}/${ant.project.name}.properties" />

	<encodeProperties file="${ant.project.name}.private.properties" />
	<decodeLoadProperties file="${ant.project.name}.private.properties" />

	<!--
	 Runs the source extraction process.
	-->
	<target name="all">
		<cvspass cvsroot="${cvs.root}" password="${cvs.password}" />
		<if>
			<istrue value="${extract.update.mode}" />
			<then>
				<cvs command="update"
				     cvsRoot="${cvs.root}"
				     cvsRsh="${cvs.rsh}"
				     dest="${source.dir}"
				     failonerror="true"
				     package="${cvs.package}"
				     tag="${cvs.tag}" />
			</then>
			<else>
				<cvs command="checkout"
				     cvsRoot="${cvs.root}"
				     cvsRsh="${cvs.rsh}"
				     dest="${source.dir}"
				     failonerror="true"
				     package="${cvs.package}"
				     tag="${cvs.tag}" />
			</else>
		</if>
		<defaultexcludes add="CVSROOT/**" />
	</target>

</project>
