<?xml version="1.0" encoding="UTF-8"?>

<!--
 =================================================================
  Licensed Materials - Property of IBM

  WebSphere Commerce

  (C) Copyright IBM Corp. 2007, 2011 All Rights Reserved.

  US Government Users Restricted Rights - Use, duplication or
  disclosure restricted by GSA ADP Schedule Contract with
  IBM Corp.
 =================================================================
-->

<!--
 ===============================================================================
 This Ant file is the sample source extraction script from ClearCase.
 ===============================================================================
-->
<project name="wcbd-sample-extract-clearcase" default="all">

	<available property="found.${ant.project.name}.properties"
	           file="${basedir}/${ant.project.name}.properties"
	           type="file" />
	<fail message="${basedir}/${ant.project.name}.properties does not exist."
	      unless="found.${ant.project.name}.properties" />
	<property file="${basedir}/${ant.project.name}.properties" />

	<!--
	 Runs the source extraction process.
	-->
	<target name="all">
		<!--
		 Ensure that the cleartool command is made available through the PATH
		 environment variable.
		-->
		<exec executable="cleartool" failonerror="true">
			<arg value="startview" />
			<arg value="${clearcase.view.tag}" />
		</exec>
		<sync todir="${source.dir}" includeemptydirs="true">
			<fileset dir="${clearcase.viewroot.dir}" />
		</sync>
	</target>

</project>
