<?xml version="1.0" encoding="UTF-8"?>

<!--
 =================================================================
  Licensed Materials - Property of IBM

  WebSphere Commerce

  (C) Copyright IBM Corp. 2007, 2010 All Rights Reserved.

  US Government Users Restricted Rights - Use, duplication or
  disclosure restricted by GSA ADP Schedule Contract with
  IBM Corp.
 =================================================================
-->

<!--
 ===============================================================================
 This Ant file is the sample WC configuration file synchronization script via
 SCP.
 ===============================================================================
-->

<project name="wc-server-sync-scp" default="all">

	<available property="found.${ant.project.name}-${target.env}.properties"
	           file="${basedir}/${ant.project.name}-${target.env}.properties"
	           type="file" />
	<fail message="${basedir}/${ant.project.name}-${target.env}.properties does not exist."
	      unless="found.${ant.project.name}-${target.env}.properties" />
	<property file="${ant.project.name}-${target.env}.properties" />

	<encodeProperties file="${ant.project.name}-${target.env}.private.properties" />
	<decodeLoadProperties file="${ant.project.name}-${target.env}.private.properties" />

	<!--
	 Runs the wc-server.xml synchronization process.
	-->
	<target name="all">
		<!--
         For more info about the <scp> task, refer to the Apache Ant manual.
        -->

		<!-- Set up the timestamp for archival of ${wc.instance.name}.xml -->
		<tstamp>
			<format property="archive.tstamp" pattern="yyyyMMddhhmmss" />
		</tstamp>

		<mkdir dir="${working.wc.server.archive.dir}" />

		<!-- Download ${wc.instance.name}.xml and archive it -->
		<if>
			<istrue value="${use.key}" />
			<then>
				<scp file="${scp.user.id}:${scp.password}@${scp.server}:${scp.remote.dir}/${wc.instance.name}.xml"
				     todir="${working.wc.server.archive.dir}"
				     port="${scp.port}"
				     keyfile="${scp.keyfile}"
				     passphrase="${scp.passphrase}"
				     trust="${scp.trust}"
				     knownhosts="${scp.knownhosts}" />
			</then>
			<else>
				<scp file="${scp.user.id}:${scp.password}@${scp.server}:${scp.remote.dir}/${wc.instance.name}.xml"
				     todir="${working.wc.server.archive.dir}"
				     port="${scp.port}"
				     trust="${scp.trust}"
				     knownhosts="${scp.knownhosts}" />
			</else>
		</if>
		<move file="${working.wc.server.archive.dir}/${wc.instance.name}.xml"
		      tofile="${working.wc.server.archive.dir}/${wc.instance.name}_${archive.tstamp}.xml" />

		<!-- Rename wc-server.xml to ${wc.instance.name}.xml before transfer -->
		<move file="${working.wc.server.dir}/wc-server.xml"
		      tofile="${working.wc.server.dir}/${wc.instance.name}.xml"
		      overwrite="true" />

		<!-- Upload wc-server.xml as ${wc.instance.name}.xml onto WC host -->
		<if>
			<istrue value="${use.key}" />
			<then>
				<scp todir="${scp.user.id}:${scp.password}@${scp.server}:${scp.remote.dir}"
				     port="${scp.port}"
				     keyfile="${scp.keyfile}"
				     passphrase="${scp.passphrase}"
				     trust="${scp.trust}"
				     knownhosts="${scp.knownhosts}">
					<fileset file="${working.wc.server.dir}/${wc.instance.name}.xml" />
				</scp>
			</then>
			<else>
				<scp todir="${scp.user.id}:${scp.password}@${scp.server}:${scp.remote.dir}"
				     port="${scp.port}"
				     trust="${scp.trust}"
				     knownhosts="${scp.knownhosts}">
					<fileset file="${working.wc.server.dir}/${wc.instance.name}.xml" />
				</scp>
			</else>
		</if>
	</target>

</project>
