<?xml version="1.0" encoding="UTF-8"?>

<!--
 =================================================================
  Licensed Materials - Property of IBM

  WebSphere Commerce

  (C) Copyright IBM Corp. 2010 All Rights Reserved.

  US Government Users Restricted Rights - Use, duplication or
  disclosure restricted by GSA ADP Schedule Contract with
  IBM Corp.
 =================================================================
-->

<!--
 ===============================================================================
 This Ant file provides the utility to encode a properties file.
 ===============================================================================
-->
<project name="wcbd-encode-properties" default="all">

	<!-- Classpath of required WAS libraries -->
	<path id="was.class.path">
		<fileset dir="${was.home}">
			<exclude name="plugins/nls/**/*.jar" />
			<include name="lib/**/*.jar" />
			<include name="plugins/**/*.jar" />
		</fileset>
	</path>

	<!-- Define the encodeProperties task -->
	<taskdef name="encodeProperties"
	         classname="com.ibm.commerce.wcbd.ant.taskdefs.EncodeProperties">
		<classpath>
			<pathelement location="${basedir}/lib/icu4j.jar" />
			<pathelement location="${basedir}/lib/wcbd-ant.jar" />
			<!--
			 Include the folder that contains the resource bundles for messages
			 printed in the classpath
			-->
			<pathelement location="${basedir}/properties" />
			<path refid="was.class.path" />
		</classpath>
	</taskdef>

	<!--
	 Encodes a properties file.
	-->
	<target name="all">
		<encodeProperties file="${file}" />
	</target>

</project>
