<?xml version="1.0" encoding="UTF-8"?>

<!--
 =================================================================
  Licensed Materials - Property of IBM

  WebSphere Commerce

  (C) Copyright IBM Corp. 2011 All Rights Reserved.

  US Government Users Restricted Rights - Use, duplication or
  disclosure restricted by GSA ADP Schedule Contract with
  IBM Corp.
 =================================================================
-->

<!--
 ===============================================================================
 This Ant file is the default WCBD server delta preparation script.
 ===============================================================================
-->

<!--
 ===============================================================================
 CUSTOMIZATION: Make a copy of this file as <project>-delta-prepare.xml and
 follow the other CUSTOMIZATION comments in this file.
 ===============================================================================
-->
<project name="wcbd-delta-prepare" default="all">

	<!-- DO NOT change the order of of the following load and import below -->

	<!-- Define WCBD tasks for validation -->
	<path id="init.wcbd.ant.class.path">
		<pathelement location="${basedir}/lib/icu4j.jar" />
		<pathelement location="${basedir}/lib/wcbd-ant.jar" />
		<!--
		 Include the folder that contains the resource bundles for messages
		 printed in the classpath
		-->
		<pathelement location="${basedir}/properties" />
	</path>

	<taskdef name="init.failNL"
	         classname="com.ibm.commerce.wcbd.ant.taskdefs.FailNL"
	         classpathref="init.wcbd.ant.class.path" />
	<taskdef name="init.validateProperty"
	         classname="com.ibm.commerce.wcbd.ant.taskdefs.ValidateProperty"
	         classpathref="init.wcbd.ant.class.path" />

	<!-- Load the required target environment properties file -->
	<init.validateProperty property="target.env" trim="true" nonempty="true" />
	<init.failNL bundle="wcbd-deploy-messages" key="ERR_FILE_NOT_FOUND">
		<arg value="${basedir}/deploy-${target.env}.properties" />
		<condition>
			<not>
				<available file="${basedir}/deploy-${target.env}.properties"
				           type="file" />
			</not>
		</condition>
	</init.failNL>
	<init.validateProperty property="baseline.dir"
	                       trim="true"
	                       nonempty="true"
	                       fileExist="true" />
	<property file="${basedir}/deploy-${target.env}.properties" />

	<!--
	 ===========================================================================
	 CUSTOMIZATION: Import <project>-deploy-common.xml instead of
	 wcbd-deploy-common.xml if available, so targets are added and overridden as
	 per specification of the Ant <import> task.
	 ===========================================================================
	-->
	<!-- Import the WCBD common deployment Ant file -->
	<import file="${basedir}/wcbd-deploy-common.xml" />

	<!-- Create the log directory -->
	<mkdir dir="${delta.log.dir}" />

	<!--
	 Runs the delta preparation process.
	-->
	<target name="all">
		<ant antfile="${ant.file}"
		     target="delta.prepare"
		     output="${delta.prepare.log.file}" />
	</target>


	<!--
	 Performs the actual delta preparation tasks.
	-->
	<target name="delta.prepare">
		<property file="${baseline.dir}/wcbd-build-info.properties"
		          prefix="b" />
		<property file="${basedir}/wcbd-build-info.properties" prefix="t" />
		<copy file="${basedir}/deploy-${target.env}.properties"
		      tofile="${basedir}/delta-deploy-${target.env}.properties"
		      overwrite="true" />
		<delete dir="${delta.source.dir}" quiet="true" />
		<mkdir dir="${delta.source.dir}" />
		<if>
			<and>
				<isset property="delta.source.always.includes" />
				<length string="${delta.source.always.includes}"
				        length="0"
				        trim="true"
				        when="gt" />
			</and>
			<then>
				<copy todir="${delta.source.dir}" preservelastmodified="true">
					<fileset dir="${source.dir}"
					         includes="${delta.source.always.includes}" />
				</copy>
			</then>
		</if>
		<configDeltaDeploy baselineSourceDir="${baseline.source.dir}"
		                   targetSourceDir="${source.dir}"
		                   deltaSourceDir="${delta.source.dir}"
		                   deltaPropertiesFile="${basedir}/delta-deploy-${target.env}.properties"
		                   deltaSummaryFile="${delta.summary.file}"
		                   baselineBuildLabel="${b.build.label}"
		                   targetBuildLabel="${t.build.label}"
		                   failOnNoDelta="${delta.prepare.fail.on.no.delta}">
			<collapsedModules path="wc.ear.ext"
			                  list="${connector.module.list}"
			                  extension="rar"
			                  addUpdateListProperty="connector.module.list"
			                  deleteListProperty="connector.module.delete.list" />
			<collapsedModules path="wc.ear.ext"
			                  list="${ejb.module.list}"
			                  extension="jar"
			                  addUpdateListProperty="ejb.module.list"
			                  deleteListProperty="ejb.module.delete.list">
				<exclude path="META-INF/ibm_ejbext.properties" />
				<exclude path="META-INF/ibm_pmbab.properties" />
			</collapsedModules>
			<expandedModules path="wc.ear.ext"
			                 list="${new.web.module.list}"
			                 extension="war"
			                 addUpdateListProperty="new.web.module.list"
			                 copyAll="true"
			                 deleteListProperty="web.module.delete.list" />
			<expandedModules path="wc.ear.ext"
			                 list="${existing.web.module.list}"
			                 extension="war"
			                 addUpdateListProperty="existing.web.module.list"
			                 deleteIncludesFilePath="META-INF/ibm-partialapp-delete.props" />
			<directory path="wc.ear"
			           deleteIncludesFilePath="META-INF/ibm-partialapp-delete.props" />
			<directory path="dataload" />
			<directory path="staticweb"
			           deleteIncludesFilePath="delta-delete-includes.txt" />
		</configDeltaDeploy>
		<editPropertiesFile file="${basedir}/delta-deploy-${target.env}.properties">
			<property key="baseline.build.label" value="${b.build.label}" />
			<property key="source.dir" value="$${delta.source.dir}" />
		</editPropertiesFile>
	</target>

</project>
