<?xml version="1.0" encoding="UTF-8"?>

<!--
 =================================================================
  Licensed Materials - Property of IBM

  WebSphere Commerce

  (C) Copyright IBM Corp. 2007, 2015 All Rights Reserved.

  US Government Users Restricted Rights - Use, duplication or
  disclosure restricted by GSA ADP Schedule Contract with
  IBM Corp.
 =================================================================
-->

<!--
 ===============================================================================
 This Ant file provides helper targets for the WCBD toolkit deployment process.
 ===============================================================================
-->

<!--
 ===============================================================================
 CUSTOMIZATION: Create an Ant build file called <project>-deploy-common.xml,
 then import this file to access targets in this file for use or extension. DO
 NOT modify this file directly.
 ===============================================================================
-->
<project name="wcbd-deploy-common">

  <!-- Define Ant-Contrib tasks -->
  <taskdef resource="net/sf/antcontrib/antlib.xml"
           classpath="${basedir}/lib/ant-contrib-1.0b3.jar" />

  <!-- Classpath of required WAS libraries -->
  <path id="was.class.path">
    <fileset dir="${was.home}">
      <include name="lib/**/*.jar" />
      <include name="plugins/**/*.jar" />
    </fileset>
  </path>

  <!-- Classpath of WC loader utilities -->
  <property name="wc.loader.properties.dir"
            value="${wc.home}/workspace/WC/properties" />
  <path id="wc.loader.class.path">
    <fileset dir="${was.home}">
      <include name="lib/j2ee.jar" />
      <include name="plugins/com.ibm.ws.runtime.jar" />
    </fileset>
    <fileset dir="${wc.home}">
      <include name="lib/Utilities.jar" />
      <include name="workspace/WC/Enablement-BaseComponentsData.jar" />
      <include name="workspace/WC/Enablement-BaseComponentsLogic.jar" />
      <include name="workspace/WC/Enablement-BusinessContextEngineAdvancedLogic.jar" />
      <include name="workspace/WC/lib/icu4j.zip" />
      <include name="workspace/WC/lib/loader/*.zip" />
    </fileset>
    <pathelement location="${wc.home}/xml/loader" />
    <pathelement location="${wc.loader.properties.dir}" />
    <pathelement path="${jdbc.driver.path}" />
  </path>

  <!-- Classpath of Data Load utility -->
  <path id="wc.dataload.class.path">
    <fileset dir="${was.home}">
      <include name="lib/j2ee.jar" />
      <include name="plugins/com.ibm.ws.prereq.vajava.jar" />
      <include name="plugins/com.ibm.ws.runtime.dist.jar" />
      <include name="plugins/com.ibm.ws.runtime.jar" />
      <include name="plugins/org.eclipse.emf.common.jar" />
      <include name="plugins/org.eclipse.emf.commonj.sdo.jar" />
      <include name="plugins/org.eclipse.emf.ecore.change.jar" />
      <include name="plugins/org.eclipse.emf.ecore.jar" />
      <include name="plugins/org.eclipse.emf.ecore.sdo.jar" />
      <include name="plugins/org.eclipse.emf.ecore.xmi.jar" />
    </fileset>
    <dirset dir="${wc.home}/workspace">
      <include name="*/bin" />
      <include name="*/ejbModule" />
    </dirset>
    <fileset dir="${wc.home}" includes="workspace/WC/*.jar" />
    <pathelement location="${wc.home}/workspace/WC/xml" />
    <pathelement path="${jdbc.driver.path}" />
  </path>

  <!-- Define WCBD tasks -->
  <taskdef resource="com/ibm/commerce/wcbd/ant/antlib.xml">
    <classpath>
      <path refid="was.class.path" />
      <pathelement location="${basedir}/lib/wcbd-ant.jar" />
      <!--
       Include the folder that contains the resource bundles for messages
       printed in the classpath
      -->
      <pathelement location="${basedir}/properties" />
    </classpath>
  </taskdef>

  <!--
   Sets up WCALoggerConfig.xml for logging of loader utilities.
  -->
  <target name="setup.wca.logger">
    <delete file="${basedir}/WCALoggerConfig.xml" quiet="true" />
    <copy file="${basedir}/WCALoggerConfig.xml.template"
          tofile="${basedir}/WCALoggerConfig.xml">
      <filterset>
        <filter token="LOG_DIR" value="${wca.logger.output.dir}" />
      </filterset>
    </copy>
  </target>


  <!--
   Tests connection to the database.
  -->
  <target name="test.db">

    <if>
      <or>
        <istrue value="${run.dataload.sql.common}" />
        <istrue value="${run.dataload.sql.target}" />
        <istrue value="${run.dataload.xml.common}" />
        <istrue value="${run.dataload.xml.target}" />
        <istrue value="${run.dataload.dataload.common}" />
        <istrue value="${run.dataload.dataload.target}" />
        <istrue value="${run.dataload.acug.common}" />
        <istrue value="${run.dataload.acug.target}" />
        <istrue value="${run.dataload.acp.common}" />
        <istrue value="${run.dataload.acp.target}" />
        <istrue value="${run.dataload.acpnls.common}" />
        <istrue value="${run.dataload.acpnls.target}" />
      </or>
      <then>
        <validateProperty property="jdbc.driver"
                          trim="true"
                          nonempty="true" />
        <validateProperty property="jdbc.driver.path"
                          trim="true"
                          nonempty="true" />
        <validateProperty property="jdbc.url"
                          trim="true"
                          nonempty="true" />
        <validateProperty property="db.user.name"
                          trim="true"
                          nonempty="true" />
        <validateProperty property="db.user.password"
                          trim="true"
                          nonempty="true" />
        <if>
          <and>
            <isset property="procedural.sql.file.name.id" />
            <length string="${procedural.sql.file.name.id}"
                    length="0"
                    trim="true"
                    when="gt" />
          </and>
          <then>
            <validateProperty property="procedural.sql.delimiter"
                              trim="true"
                              nonempty="true" />
          </then>
        </if>
        <trycatch property="err.msg">
          <try>
            <sql driver="${jdbc.driver}"
                 url="${jdbc.url}"
                 userid="${db.user.name}"
                 password="${db.user.password}"
                 classpath="${jdbc.driver.path}">SELECT * FROM SITE;</sql>
          </try>
          <catch>
            <failNL bundle="wcbd-deploy-messages" key="ERR_TEST_DB">
              <arg value="${err.msg}" />
            </failNL>
          </catch>
        </trycatch>
        <antcall target="shutdown.cloudscape.db" />
      </then>
    </if>
  </target>


  <!--
   Backs up the Derby database and the workspace.
  -->
  <target name="backup">
    <if>
      <istrue value="${run.backup}" />
      <then>
        <delete dir="${backup.dir}" quiet="true" />
        <mkdir dir="${backup.dir}" />
        <copy todir="${backup.dir}/workspace"
              preservelastmodified="true">
          <fileset dir="${wc.home}/workspace"
                   excludes=".metadata/**" />
        </copy>
        <if>
          <available file="${wc.home}/properties/version/workspace.ejb.cloudscape.base.component"
                     type="file" />
          <then>
            <copy todir="${backup.dir}/db"
                  preservelastmodified="true">
              <fileset dir="${wc.home}/db" includes="mall/**" />
            </copy>
          </then>
        </if>
      </then>
      <else>
        <echoSkipTarget target="backup" />
      </else>
    </if>
  </target>


  <!--
   Executes SQL dataload with common SQL files as specified in the
   configuration.
  -->
  <target name="dataload.sql.common">
    <if>
      <istrue value="${run.dataload.sql.common}" />
      <then>
        <if>
          <istrue value="${dataload.sql.common.order}" />
          <then>
            <antcall target="dataload.sql.batch.ordered.list">
              <param name="sql.dir"
                     value="${dataload.sql.common.dir}" />
              <param name="sql.ordered.list"
                     value="${dataload.sql.common.ordered.list}" />
            </antcall>
          </then>
          <else>
            <antcall target="dataload.sql.batch.fileset">
              <param name="sql.dir"
                     value="${dataload.sql.common.dir}" />
              <param name="sql.fileset.includes"
                     value="${dataload.sql.common.fileset.includes}" />
              <param name="sql.fileset.excludes"
                     value="${dataload.sql.common.fileset.excludes}" />
            </antcall>
          </else>
        </if>
      </then>
      <else>
        <echoSkipTarget target="dataload.sql.common" />
      </else>
    </if>
  </target>


  <!--
   Executes SQL dataload with target-specific SQL files as specified in the
   configuration.
  -->
  <target name="dataload.sql.target">
    <if>
      <istrue value="${run.dataload.sql.target}" />
      <then>
        <if>
          <istrue value="${dataload.sql.target.order}" />
          <then>
            <antcall target="dataload.sql.batch.ordered.list">
              <param name="sql.dir"
                     value="${dataload.sql.target.dir}" />
              <param name="sql.ordered.list"
                     value="${dataload.sql.target.ordered.list}" />
            </antcall>
          </then>
          <else>
            <antcall target="dataload.sql.batch.fileset">
              <param name="sql.dir"
                     value="${dataload.sql.target.dir}" />
              <param name="sql.fileset.includes"
                     value="${dataload.sql.target.fileset.includes}" />
              <param name="sql.fileset.excludes"
                     value="${dataload.sql.target.fileset.excludes}" />
            </antcall>
          </else>
        </if>
      </then>
      <else>
        <echoSkipTarget target="dataload.sql.target" />
      </else>
    </if>
  </target>


  <!--
   Executes SQL dataload with a list of SQL files specified as an ordered
   list.
  -->
  <target name="dataload.sql.batch.ordered.list">
    <if>
      <available file="${sql.dir}" type="dir" />
      <then>
        <foreach target="dataload.sql.ordered.file"
                 list="${sql.ordered.list}"
                 param="src.file.name"
                 inheritall="true"
                 inheritrefs="true" />
      </then>
    </if>
  </target>


  <!--
   Executes SQL dataload with a SQL file from an ordered list.
  -->
  <target name="dataload.sql.ordered.file">
    <antcall target="dataload.sql">
      <param name="src.file" value="${sql.dir}/${src.file.name}" />
    </antcall>
  </target>


  <!--
   Executes SQL dataload with a list of SQL files specified as a fileset.
  -->
  <target name="dataload.sql.batch.fileset">
    <if>
      <available file="${sql.dir}" type="dir" />
      <then>
        <foreach target="dataload.sql"
                 param="src.file"
                 inheritall="true"
                 inheritrefs="true">
          <path>
            <fileset dir="${sql.dir}"
                     includes="${sql.fileset.includes}"
                     excludes="${sql.fileset.excludes}" />
          </path>
        </foreach>
      </then>
    </if>
  </target>


  <!--
   Runs a SQL file.
  -->
  <target name="dataload.sql">
    <failNL bundle="wcbd-deploy-messages" key="ERR_FILE_NOT_FOUND">
      <arg value="${src.file}" />
      <condition>
        <not>
          <available file="${src.file}" type="file" />
        </not>
      </condition>
    </failNL>
    <basename file="${src.file}" property="src.file.base.name" />
    <if>
      <and>
        <isset property="procedural.sql.file.name.id" />
        <length string="${procedural.sql.file.name.id}"
                length="0"
                trim="true"
                when="gt" />
        <contains string="${src.file.base.name}"
                  substring="${procedural.sql.file.name.id}" />
      </and>
      <then>
        <echoNL bundle="wcbd-deploy-messages"
                key="DATALOAD_PROCEDURAL_SQL">
          <arg value="${src.file}" />
        </echoNL>
        <sql driver="${jdbc.driver}"
             url="${jdbc.url}"
             userid="${db.user.name}"
             password="${db.user.password}"
             print="true"
             onerror="${sql.onerror}"
             classpath="${jdbc.driver.path}"
             src="${src.file}"
             delimiter="${procedural.sql.delimiter}" />
      </then>
      <else>
        <echoNL bundle="wcbd-deploy-messages" key="DATALOAD_SQL">
          <arg value="${src.file}" />
        </echoNL>
        <sql driver="${jdbc.driver}"
             url="${jdbc.url}"
             userid="${db.user.name}"
             password="${db.user.password}"
             print="true"
             onerror="${sql.onerror}"
             classpath="${jdbc.driver.path}"
             src="${src.file}" />

      </else>
    </if>
    <antcall target="shutdown.cloudscape.db" />
  </target>


  <!--
   Shuts the database if it is Derby.
  -->
  <target name="shutdown.cloudscape.db">
    <if>
      <contains string="${jdbc.url}" substring="jdbc:derby:" />
      <then>
        <trycatch property="exception.msg" reference="exception.id">
          <try>
            <sql driver="${jdbc.driver}"
                 url="${jdbc.url};shutdown=true"
                 userid="${db.user.name}"
                 password="${db.user.password}"
                 classpath="${jdbc.driver.path}">;</sql>
          </try>
          <catch>
            <if>
              <not>
                <contains string="${exception.msg}"
                          substring="shutdown" />
              </not>
              <then>
                <throw refid="exception.id" />
              </then>
            </if>
          </catch>
        </trycatch>
      </then>
    </if>
  </target>


  <!--
   Executes XML dataload with common XML files as specified in the
   configuration.
  -->
  <target name="dataload.xml.common">
    <if>
      <istrue value="${run.dataload.xml.common}" />
      <then>
        <if>
          <istrue value="${dataload.xml.common.order}" />
          <then>
            <antcall target="dataload.xml.batch.ordered.list">
              <param name="xml.dir"
                     value="${dataload.xml.common.dir}" />
              <param name="xml.ordered.list"
                     value="${dataload.xml.common.ordered.list}" />
              <param name="xml.idresgen.excludes"
                     value="${dataload.xml.common.idresgen.excludes}" />
              <param name="failonerror"
                     value="${dataload.xml.common.failonerror}" />
            </antcall>
          </then>
          <else>
            <antcall target="dataload.xml.batch.fileset">
              <param name="xml.dir"
                     value="${dataload.xml.common.dir}" />
              <param name="xml.fileset.includes"
                     value="${dataload.xml.common.fileset.includes}" />
              <param name="xml.fileset.excludes"
                     value="**/*.dtd,**/*.idresolved,${dataload.xml.common.fileset.excludes}" />
              <param name="xml.idresgen.excludes"
                     value="${dataload.xml.common.idresgen.excludes}" />
              <param name="failonerror"
                     value="${dataload.xml.common.failonerror}" />
            </antcall>
          </else>
        </if>
      </then>
      <else>
        <echoSkipTarget target="dataload.xml.common" />
      </else>
    </if>
  </target>


  <!--
   Executes XML dataload with target-specific XML files as specified in the
   configuration.
  -->
  <target name="dataload.xml.target">
    <if>
      <istrue value="${run.dataload.xml.target}" />
      <then>
        <if>
          <istrue value="${dataload.xml.target.order}" />
          <then>
            <antcall target="dataload.xml.batch.ordered.list">
              <param name="xml.dir"
                     value="${dataload.xml.target.dir}" />
              <param name="xml.ordered.list"
                     value="${dataload.xml.target.ordered.list}" />
              <param name="xml.idresgen.excludes"
                     value="${dataload.xml.target.idresgen.excludes}" />
              <param name="failonerror"
                     value="${dataload.xml.target.failonerror}" />
            </antcall>
          </then>
          <else>
            <antcall target="dataload.xml.batch.fileset">
              <param name="xml.dir"
                     value="${dataload.xml.target.dir}" />
              <param name="xml.fileset.includes"
                     value="${dataload.xml.target.fileset.includes}" />
              <param name="xml.fileset.excludes"
                     value="**/*.dtd,**/*.idresolved,${dataload.xml.target.fileset.excludes}" />
              <param name="xml.idresgen.excludes"
                     value="${dataload.xml.target.idresgen.excludes}" />
              <param name="failonerror"
                     value="${dataload.xml.target.failonerror}" />
            </antcall>
          </else>
        </if>
      </then>
      <else>
        <echoSkipTarget target="dataload.xml.target" />
      </else>
    </if>
  </target>


  <!--
   Executes XML dataload with a list of XML files specified as an ordered
   list.
  -->
  <target name="dataload.xml.batch.ordered.list">
    <if>
      <available file="${xml.dir}" type="dir" />
      <then>
        <foreach target="dataload.xml.ordered.file"
                 list="${xml.ordered.list}"
                 param="src.file.name"
                 inheritall="true"
                 inheritrefs="true" />
      </then>
    </if>
  </target>


  <!--
   Executes XML dataload with a XML file from an ordered list.
  -->
  <target name="dataload.xml.ordered.file">
    <antcall target="dataload.xml">
      <param name="src.file" value="${xml.dir}/${src.file.name}" />
    </antcall>
  </target>


  <!--
   Executes XML dataload with a list of XML files specified as a fileset.
  -->
  <target name="dataload.xml.batch.fileset">
    <if>
      <available file="${xml.dir}" type="dir" />
      <then>
        <foreach target="dataload.xml"
                 param="src.file"
                 inheritall="true"
                 inheritrefs="true">
          <path>
            <fileset dir="${xml.dir}"
                     includes="${xml.fileset.includes}"
                     excludes="${xml.fileset.excludes}" />
          </path>
        </foreach>
      </then>
    </if>
  </target>


  <!--
   Executes idresgen and massload to load data. This target is meant for
   massloadable XML files.
  -->
  <target name="dataload.xml">
    <failNL bundle="wcbd-deploy-messages" key="ERR_FILE_NOT_FOUND">
      <arg value="${src.file}" />
      <condition>
        <not>
          <available file="${src.file}" type="file" />
        </not>
      </condition>
    </failNL>
    <echoNL bundle="wcbd-deploy-messages" key="DATALOAD_XML">
      <arg value="${src.file}" />
    </echoNL>
    <trycatch property="exception.msg" reference="exception.id">
      <try>
        <if>
          <containsInFileSet file="${src.file}">
            <fileset dir="${xml.dir}"
                     excludes="${xml.idresgen.excludes}" />
          </containsInFileSet>
          <then>
            <antcall target="dataload.idresgen">
              <param name="prop.file"
                     value="${wc.loader.properties.dir}/IdResolveKeys.properties" />
              <param name="idresgen.input.type" value="infile" />
              <param name="input" value="${src.file}" />
              <param name="output"
                     value="${src.file}.idresolved" />
            </antcall>
          </then>
          <else>
            <copy file="${src.file}"
                  tofile="${src.file}.idresolved"
                  overwrite="true" />
          </else>
        </if>
        <antcall target="dataload.massload">
          <param name="input" value="${src.file}.idresolved" />
        </antcall>
        <delete file="${src.file}.idresolved" />
      </try>
      <catch>
        <if>
          <isfalse value="${failonerror}" />
          <then>
            <echo message="${exception.msg}" level="warning" />
          </then>
          <else>
            <throw refid="exception.id" />
          </else>
        </if>
      </catch>
    </trycatch>
  </target>


  <!--
   Loads common Data Load utility data.
  -->
  <target name="dataload.dataload.common">
    <if>
      <istrue value="${run.dataload.dataload.common}" />
      <then>
        <if>
          <istrue value="${dataload.dataload.common.order}" />
          <then>
            <antcall target="dataload.dataload.batch.ordered.list">
              <param name="dataload.dir"
                     value="${dataload.dataload.common.dir}" />
              <param name="dataload.ordered.list"
                     value="${dataload.dataload.common.ordered.list}" />
              <param name="failonerror"
                     value="${dataload.dataload.common.failonerror}" />
            </antcall>
          </then>
          <else>
            <antcall target="dataload.dataload.batch.fileset">
              <param name="dataload.dir"
                     value="${dataload.dataload.common.dir}" />
              <param name="dataload.fileset.includes"
                     value="${dataload.dataload.common.fileset.includes}" />
              <param name="dataload.fileset.excludes"
                     value="${dataload.dataload.common.fileset.excludes}" />
              <param name="failonerror"
                     value="${dataload.dataload.common.failonerror}" />
            </antcall>
          </else>
        </if>
      </then>
      <else>
        <echoSkipTarget target="dataload.dataload.common" />
      </else>
    </if>
  </target>


  <!--
   Loads target-specific Data Load utility data.
  -->
  <target name="dataload.dataload.target">
    <if>
      <istrue value="${run.dataload.dataload.target}" />
      <then>
        <if>
          <istrue value="${dataload.dataload.target.order}" />
          <then>
            <antcall target="dataload.dataload.batch.ordered.list">
              <param name="dataload.dir"
                     value="${dataload.dataload.target.dir}" />
              <param name="dataload.ordered.list"
                     value="${dataload.dataload.target.ordered.list}" />
              <param name="failonerror"
                     value="${dataload.dataload.target.failonerror}" />
            </antcall>
          </then>
          <else>
            <antcall target="dataload.dataload.batch.fileset">
              <param name="dataload.dir"
                     value="${dataload.dataload.target.dir}" />
              <param name="dataload.fileset.includes"
                     value="${dataload.dataload.target.fileset.includes}" />
              <param name="dataload.fileset.excludes"
                     value="${dataload.dataload.target.fileset.excludes}" />
              <param name="failonerror"
                     value="${dataload.dataload.target.failonerror}" />
            </antcall>
          </else>
        </if>
      </then>
      <else>
        <echoSkipTarget target="dataload.dataload.target" />
      </else>
    </if>
  </target>


  <!--
   Loads common Data Load utility data with a list of input files specified as
   an ordered list.
  -->
  <target name="dataload.dataload.batch.ordered.list">
    <if>
      <available file="${dataload.dir}" type="dir" />
      <then>
        <foreach target="dataload.dataload.ordered.file"
                 list="${dataload.ordered.list}"
                 param="src.file.name"
                 inheritall="true"
                 inheritrefs="true" />
      </then>
    </if>
  </target>


  <!--
   Loads common Data Load utility data with an input file from an ordered
   list.
  -->
  <target name="dataload.dataload.ordered.file">
    <antcall target="dataload.dataload">
      <param name="src.file" value="${dataload.dir}/${src.file.name}" />
    </antcall>
  </target>


  <!--
   Loads Data Load utility data with a list of input files specified as a file
   set.
  -->
  <target name="dataload.dataload.batch.fileset">
    <if>
      <available file="${dataload.dir}" type="dir" />
      <then>
        <foreach target="dataload.dataload"
                 param="src.file"
                 inheritall="true"
                 inheritrefs="true">
          <path>
            <fileset dir="${dataload.dir}"
                     includes="${dataload.fileset.includes}"
                     excludes="${dataload.fileset.excludes}" />
          </path>
        </foreach>
      </then>
    </if>
  </target>


  <!--
   Runs the Data Load utility to load data.
  -->
  <target name="dataload.dataload">
    <failNL bundle="wcbd-deploy-messages" key="ERR_FILE_NOT_FOUND">
      <arg value="${src.file}" />
      <condition>
        <not>
          <available file="${src.file}" type="file" />
        </not>
      </condition>
    </failNL>
    <mkdir dir="${dataload.log.dir}" />
    <if>
      <not>
        <available file="${working.dir}/dataload-logging.properties"
                   type="file" />
      </not>
      <then>
        <pathconvert property="dataload.log.dir.converted" dirsep="/">
          <path>
            <pathelement location="${dataload.log.dir}" />
          </path>
        </pathconvert>
        <copy file="${dataload.logging.config.file}"
              tofile="${working.dir}/dataload-logging.properties" />
        <replaceregexp file="${working.dir}/dataload-logging.properties"
                       match="[ \t]*java\.util\.logging\.FileHandler\.pattern[ \t]*=[ \t]*.+"
                       replace="java.util.logging.FileHandler.pattern=${dataload.log.dir.converted}/wc-dataload.log"
                       flags="m" />
      </then>
    </if>
    <echoNL bundle="wcbd-deploy-messages" key="DATALOAD_DATALOAD">
      <arg value="${src.file}" />
    </echoNL>
    <trycatch property="exception.msg" reference="exception.id">
      <try>
        <java classname="com.ibm.commerce.foundation.dataload.DataLoaderMain"
              classpathref="wc.dataload.class.path"
              dir="${wc.home}/bin"
              fork="true"
              resultproperty="return.code">
          <jvmarg value="-Ddataload=true" />
          <jvmarg value="-Dj2se=true" />
          <jvmarg value="-Djava.util.logging.config.file=${working.dir}/dataload-logging.properties" />
          <arg value="${src.file}" />
          <arg value="-DPromptVariableSubstitution=false" />
          <arg line="${dataload.params}" />
        </java>
        <if>
          <not>
            <equals arg1="${return.code}" arg2="0" />
          </not>
          <then>
            <failNL bundle="wcbd-deploy-messages"
                    key="ERR_DATALOAD">
              <arg value="${dataload.log.dir}" />
            </failNL>
          </then>
        </if>
      </try>
      <catch>
        <if>
          <isfalse value="${failonerror}" />
          <then>
            <echo message="${exception.msg}" level="warning" />
          </then>
          <else>
            <throw refid="exception.id" />
          </else>
        </if>
      </catch>
    </trycatch>
  </target>


  <!--
   Executes ACUG dataload on common ACUG XML files as specified in the
   configuration.
  -->
  <target name="dataload.acug.common">
    <if>
      <istrue value="${run.dataload.acug.common}" />
      <then>
        <if>
          <istrue value="${dataload.acug.common.order}" />
          <then>
            <antcall target="dataload.acug.batch.ordered.list">
              <param name="acug.dir"
                     value="${dataload.acug.common.dir}" />
              <param name="acug.ordered.list"
                     value="${dataload.acug.common.ordered.list}" />
              <param name="failonerror"
                     value="${dataload.acug.common.failonerror}" />
            </antcall>
          </then>
          <else>
            <antcall target="dataload.acug.batch.fileset">
              <param name="acug.dir"
                     value="${dataload.acug.common.dir}" />
              <param name="acug.fileset.includes"
                     value="${dataload.acug.common.fileset.includes}" />
              <param name="acug.fileset.excludes"
                     value="${dataload.acug.common.fileset.excludes}" />
              <param name="failonerror"
                     value="${dataload.acug.common.failonerror}" />
            </antcall>
          </else>
        </if>
      </then>
      <else>
        <echoSkipTarget target="dataload.acug.common" />
      </else>
    </if>
  </target>


  <!--
   Executes ACUG dataload with target-specific ACUG XML files as specified in
   the configuration.
  -->
  <target name="dataload.acug.target">
    <if>
      <istrue value="${run.dataload.acug.target}" />
      <then>
        <if>
          <istrue value="${dataload.acug.target.order}" />
          <then>
            <antcall target="dataload.acug.batch.ordered.list">
              <param name="acug.dir"
                     value="${dataload.acug.target.dir}" />
              <param name="acug.ordered.list"
                     value="${dataload.acug.target.ordered.list}" />
              <param name="failonerror"
                     value="${dataload.acug.target.failonerror}" />
            </antcall>
          </then>
          <else>
            <antcall target="dataload.acug.batch.fileset">
              <param name="acug.dir"
                     value="${dataload.acug.target.dir}" />
              <param name="acug.fileset.includes"
                     value="${dataload.acug.target.fileset.includes}" />
              <param name="acug.fileset.excludes"
                     value="${dataload.acug.target.fileset.excludes}" />
              <param name="failonerror"
                     value="${dataload.acug.target.failonerror}" />
            </antcall>
          </else>
        </if>
      </then>
      <else>
        <echoSkipTarget target="dataload.acug.target" />
      </else>
    </if>
  </target>


  <!--
   Executes ACUG dataload with a list of ACUG XML files specified as an
   ordered list.
  -->
  <target name="dataload.acug.batch.ordered.list">
    <if>
      <available file="${acug.dir}" type="dir" />
      <then>
        <foreach target="dataload.acug.ordered.file"
                 list="${acug.ordered.list}"
                 param="src.file.name"
                 inheritall="true"
                 inheritrefs="true" />
      </then>
    </if>
  </target>


  <!--
   Executes ACUG dataload with a ACUG XML file from an ordered list.
  -->
  <target name="dataload.acug.ordered.file">
    <antcall target="dataload.acug">
      <param name="src.file" value="${acug.dir}/${src.file.name}" />
    </antcall>
  </target>


  <!--
   Executes ACUG dataload with a list of ACUG XML files specified as a
   fileset.
  -->
  <target name="dataload.acug.batch.fileset">
    <if>
      <available file="${acug.dir}" type="dir" />
      <then>
        <foreach target="dataload.acug"
                 param="src.file"
                 inheritall="true"
                 inheritrefs="true">
          <path>
            <fileset dir="${acug.dir}"
                     includes="${acug.fileset.includes}"
                     excludes="**/*.transformed,**/*.idresolved,${acug.fileset.excludes}" />
          </path>
        </foreach>
      </then>
    </if>
  </target>


  <!--
   Executes ACUG dataload with an ACUG XML file.
  -->
  <target name="dataload.acug">
    <failNL bundle="wcbd-deploy-messages" key="ERR_FILE_NOT_FOUND">
      <arg value="${src.file}" />
      <condition>
        <not>
          <available file="${src.file}" type="file" />
        </not>
      </condition>
    </failNL>
    <echoNL bundle="wcbd-deploy-messages" key="DATALOAD_ACUG">
      <arg value="${src.file}" />
    </echoNL>
    <trycatch property="exception.msg" reference="exception.id">
      <try>
        <antcall target="dataload.transload">
          <param name="input" value="${src.file}" />
          <param name="dtd.path"
                 value="${wc.home}/xml/policies/dtd/ACUserGroups.dtd" />
          <param name="xsl.file"
                 value="${wc.home}/xml/policies/xsl/ACUserGroup.xsl" />
          <param name="prop.file"
                 value="${wc.loader.properties.dir}/ACUserGroupIdKeys.properties" />
        </antcall>
      </try>
      <catch>
        <if>
          <isfalse value="${failonerror}" />
          <then>
            <echo message="${exception.msg}" level="warning" />
          </then>
          <else>
            <throw refid="exception.id" />
          </else>
        </if>
      </catch>
    </trycatch>
  </target>


  <!--
   Executes ACP dataload on common ACP XML files as specified in the
   configuration.
  -->
  <target name="dataload.acp.common">
    <if>
      <istrue value="${run.dataload.acp.common}" />
      <then>
        <if>
          <istrue value="${dataload.acp.common.order}" />
          <then>
            <antcall target="dataload.acp.batch.ordered.list">
              <param name="acp.dir"
                     value="${dataload.acp.common.dir}" />
              <param name="acp.ordered.list"
                     value="${dataload.acp.common.ordered.list}" />
              <param name="failonerror"
                     value="${dataload.acp.common.failonerror}" />
            </antcall>
          </then>
          <else>
            <antcall target="dataload.acp.batch.fileset">
              <param name="acp.dir"
                     value="${dataload.acp.common.dir}" />
              <param name="acp.fileset.includes"
                     value="${dataload.acp.common.fileset.includes}" />
              <param name="acp.fileset.excludes"
                     value="**/*.transformed,**/*.idresolved,${dataload.acp.common.fileset.excludes}" />
              <param name="failonerror"
                     value="${dataload.acp.common.failonerror}" />
            </antcall>
          </else>
        </if>
      </then>
      <else>
        <echoSkipTarget target="dataload.acp.common" />
      </else>
    </if>
  </target>


  <!--
   Executes ACP dataload with target-specific ACP XML files as specified in
   the configuration.
  -->
  <target name="dataload.acp.target">
    <if>
      <istrue value="${run.dataload.acp.target}" />
      <then>
        <if>
          <istrue value="${dataload.acp.target.order}" />
          <then>
            <antcall target="dataload.acp.batch.ordered.list">
              <param name="acp.dir"
                     value="${dataload.acp.target.dir}" />
              <param name="acp.ordered.list"
                     value="${dataload.acp.target.ordered.list}" />
              <param name="failonerror"
                     value="${dataload.acp.target.failonerror}" />
            </antcall>
          </then>
          <else>
            <antcall target="dataload.acp.batch.fileset">
              <param name="acp.dir"
                     value="${dataload.acp.target.dir}" />
              <param name="acp.fileset.includes"
                     value="${dataload.acp.target.fileset.includes}" />
              <param name="acp.fileset.excludes"
                     value="**/*.transformed,**/*.idresolved,${dataload.acp.target.fileset.excludes}" />
              <param name="failonerror"
                     value="${dataload.acp.target.failonerror}" />
            </antcall>
          </else>
        </if>
      </then>
      <else>
        <echoSkipTarget target="dataload.acp.target" />
      </else>
    </if>
  </target>


  <!--
   Executes ACP dataload with a list of ACP XML files specified as an ordered
   list.
  -->
  <target name="dataload.acp.batch.ordered.list">
    <if>
      <available file="${acp.dir}" type="dir" />
      <then>
        <foreach target="dataload.acp.ordered.file"
                 list="${acp.ordered.list}"
                 param="src.file.name"
                 inheritall="true"
                 inheritrefs="true" />
      </then>
    </if>
  </target>


  <!--
    Executes ACP dataload with a ACP XML file from an ordered list.
  -->
  <target name="dataload.acp.ordered.file">
    <antcall target="dataload.acp">
      <param name="src.file" value="${acp.dir}/${src.file.name}" />
    </antcall>
  </target>


  <!--
   Executes ACP dataload with a list of ACP XML files specified as a fileset.
  -->
  <target name="dataload.acp.batch.fileset">
    <if>
      <available file="${acp.dir}" type="dir" />
      <then>
        <foreach target="dataload.acp"
                 param="src.file"
                 inheritall="true"
                 inheritrefs="true">
          <path>
            <fileset dir="${acp.dir}"
                     includes="${acp.fileset.includes}"
                     excludes="${acp.fileset.excludes}" />
          </path>
        </foreach>
      </then>
    </if>
  </target>


  <!--
   Executes ACP dataload with an ACP XML file.
  -->
  <target name="dataload.acp">
    <failNL bundle="wcbd-deploy-messages" key="ERR_FILE_NOT_FOUND">
      <arg value="${src.file}" />
      <condition>
        <not>
          <available file="${src.file}" type="file" />
        </not>
      </condition>
    </failNL>
    <echoNL bundle="wcbd-deploy-messages" key="DATALOAD_ACP">
      <arg value="${src.file}" />
    </echoNL>
    <trycatch property="exception.msg" reference="exception.id">
      <try>
        <antcall target="dataload.transload">
          <param name="input" value="${src.file}" />
          <param name="dtd.path"
                 value="${wc.home}/xml/policies/dtd/accesscontrolpolicies.dtd" />
          <param name="xsl.file"
                 value="${wc.home}/xml/policies/xsl/accesscontrol.xsl" />
          <param name="prop.file"
                 value="${wc.loader.properties.dir}/ACIdKeys.properties" />
        </antcall>
      </try>
      <catch>
        <if>
          <isfalse value="${failonerror}" />
          <then>
            <echo message="${exception.msg}" level="warning" />
          </then>
          <else>
            <throw refid="exception.id" />
          </else>
        </if>
      </catch>
    </trycatch>
  </target>


  <!--
   Executes ACP dataload with common ACP NLS XML files as specified in the
   configuration.
  -->
  <target name="dataload.acpnls.common">
    <if>
      <istrue value="${run.dataload.acpnls.common}" />
      <then>
        <if>
          <istrue value="${dataload.acpnls.common.order}" />
          <then>
            <antcall target="dataload.acpnls.batch.ordered.list">
              <param name="acpnls.dir"
                     value="${dataload.acpnls.common.dir}" />
              <param name="acpnls.ordered.list"
                     value="${dataload.acpnls.common.ordered.list}" />
              <param name="failonerror"
                     value="${dataload.acpnls.common.failonerror}" />
            </antcall>
          </then>
          <else>
            <antcall target="dataload.acpnls.batch.fileset">
              <param name="acpnls.dir"
                     value="${dataload.acpnls.common.dir}" />
              <param name="acpnls.fileset.includes"
                     value="${dataload.acpnls.common.fileset.includes}" />
              <param name="acpnls.fileset.excludes"
                     value="**/*.transformed,**/*.idresolved,${dataload.acpnls.common.fileset.excludes}" />
              <param name="failonerror"
                     value="${dataload.acpnls.common.failonerror}" />
            </antcall>
          </else>
        </if>
      </then>
      <else>
        <echoSkipTarget target="dataload.acpnls.common" />
      </else>
    </if>
  </target>


  <!--
   Executes ACP dataload with target-specific ACP NLS XML files as specified
   in the configuration.
  -->
  <target name="dataload.acpnls.target">
    <if>
      <istrue value="${run.dataload.acpnls.target}" />
      <then>
        <if>
          <istrue value="${dataload.acpnls.target.order}" />
          <then>
            <antcall target="dataload.acpnls.batch.ordered.list">
              <param name="acpnls.dir"
                     value="${dataload.acpnls.target.dir}" />
              <param name="acpnls.ordered.list"
                     value="${dataload.acpnls.target.ordered.list}" />
              <param name="failonerror"
                     value="${dataload.acpnls.target.failonerror}" />
            </antcall>
          </then>
          <else>
            <antcall target="dataload.acpnls.batch.fileset">
              <param name="acpnls.dir"
                     value="${dataload.acpnls.target.dir}" />
              <param name="acpnls.fileset.includes"
                     value="${dataload.acpnls.target.fileset.includes}" />
              <param name="acpnls.fileset.excludes"
                     value="**/*.transformed,**/*.idresolved,${dataload.acpnls.target.fileset.excludes}" />
              <param name="failonerror"
                     value="${dataload.acpnls.target.failonerror}" />
            </antcall>
          </else>
        </if>
      </then>
      <else>
        <echoSkipTarget target="dataload.acpnls.target" />
      </else>
    </if>
  </target>


  <!--
   Executes ACP dataload with a list of ACP NLS XML files specified as an
   ordered list.
  -->
  <target name="dataload.acpnls.batch.ordered.list">
    <if>
      <available file="${acpnls.dir}" type="dir" />
      <then>
        <foreach target="dataload.acpnls.ordered.file"
                 list="${acpnls.ordered.list}"
                 param="src.file.name"
                 inheritall="true"
                 inheritrefs="true" />
      </then>
    </if>
  </target>


  <!--
   Executes ACP dataload with a ACP NLS XML file from an ordered list.
  -->
  <target name="dataload.acpnls.ordered.file">
    <antcall target="dataload.acpnls">
      <param name="src.file" value="${acpnls.dir}/${src.file.name}" />
    </antcall>
  </target>


  <!--
   Executes ACP dataload with a list of ACP NLS XML files specified as a
   fileset.
  -->
  <target name="dataload.acpnls.batch.fileset">
    <if>
      <available file="${acpnls.dir}" type="dir" />
      <then>
        <foreach target="dataload.acpnls"
                 param="src.file"
                 inheritall="true"
                 inheritrefs="true">
          <path>
            <fileset dir="${acpnls.dir}"
                     includes="${acpnls.fileset.includes}"
                     excludes="${acpnls.fileset.excludes}" />
          </path>
        </foreach>
      </then>
    </if>
  </target>


  <!--
   Executes ACP dataload with an ACP NLS XML file.
  -->
  <target name="dataload.acpnls">
    <failNL bundle="wcbd-deploy-messages" key="ERR_FILE_NOT_FOUND">
      <arg value="${src.file}" />
      <condition>
        <not>
          <available file="${src.file}" type="file" />
        </not>
      </condition>
    </failNL>
    <echoNL bundle="wcbd-deploy-messages" key="DATALOAD_ACP_NLS">
      <arg value="${src.file}" />
    </echoNL>
    <trycatch property="exception.msg" reference="exception.id">
      <try>
        <antcall target="dataload.transload">
          <param name="input" value="${src.file}" />
          <param name="dtd.path"
                 value="${wc.home}/xml/policies/dtd/accesscontrolpoliciesnls.dtd" />
          <param name="xsl.file"
                 value="${wc.home}/xml/policies/xsl/accesscontrolnls.xsl" />
          <param name="prop.file"
                 value="${wc.loader.properties.dir}/ACIdKeys.properties" />
        </antcall>
      </try>
      <catch>
        <if>
          <isfalse value="${failonerror}" />
          <then>
            <echo message="${exception.msg}" level="warning" />
          </then>
          <else>
            <throw refid="exception.id" />
          </else>
        </if>
      </catch>
    </trycatch>
  </target>


  <!--
   Executes xmltransform, idresgen, and massload to load data. This target is
   meant for ACP and ACUG dataloads.
  -->
  <target name="dataload.transload">
    <toURI file="${dtd.path}" property="dtd.uri" />
    <copy file="${input}" tofile="${input}.orig" />
    <replaceregexp file="${input}"
                   match="(\s*&lt;!DOCTYPE\s+\w+\s+SYSTEM\s+&quot;)[\s\w-./:\\~]+(&quot;&gt;\s*)"
                   replace="\1${dtd.uri}\2"
                   flags="m" />

    <antcall target="dataload.xmltransform">
      <param name="input" value="${input}" />
      <param name="xsl.file" value="${xsl.file}" />
      <param name="output" value="${input}.transformed" />
    </antcall>

    <toURI file="${wcs.dtd.path}" property="wcs.dtd.uri" />
    <replace file="${input}.transformed" summary="true">
      <replacefilter token="&quot;../../../schema/xml/wcs.dtd&quot;"
                     value="&quot;${wcs.dtd.uri}&quot;" />
    </replace>

    <antcall target="dataload.idresgen">
      <param name="prop.file" value="${prop.file}" />
      <param name="idresgen.input.type" value="infile" />
      <param name="input" value="${input}.transformed" />
      <param name="output" value="${input}.idresolved" />
    </antcall>
    <antcall target="dataload.massload">
      <param name="input" value="${input}.idresolved" />
    </antcall>
    <copy file="${input}.orig" tofile="${input}" overwrite="true"/>
    <delete file="${input}.transformed" />
    <delete file="${input}.idresolved" />
    <delete file="${input}.orig" />
  </target>


  <!--
   Executes the xmltransform utility. For more information, refer to the
   WebSphere Commerce Information Center.
  -->
  <target name="dataload.xmltransform">
    <mkdir dir="${wca.logger.output.dir}" />
    <delete file="${output}" quiet="true" />
    <java classname="com.ibm.wca.XMLTransformer.InvokeXMLTransformer"
          classpathref="wc.loader.class.path"
          fork="true"
          resultproperty="return.code">
      <jvmarg value="-Dcom.ibm.wca.logging.configFile=${wca.logger.config.file}" />
      <jvmarg value="-Dcom.ibm.wcm.ErrorReporterDir=${wca.logger.output.dir}" />
      <jvmarg value="-DDebug=${xmltransform.debug}" />
      <arg value="-infile" />
      <arg value="${input}" />
      <arg value="-transform" />
      <arg value="${xsl.file}" />
      <arg value="-outfile" />
      <arg value="${output}" />
      <arg line="${xmltransform.params}" />
    </java>
    <if>
      <not>
        <equals arg1="${return.code}" arg2="0" />
      </not>
      <then>
        <failNL bundle="wcbd-deploy-messages" key="ERR_XMLTRANSFORM">
          <arg value="${wca.logger.output.dir}" />
        </failNL>
      </then>
    </if>
  </target>


  <!--
   Executes the idresgen utility. For more information, refer to the WebSphere
   Commerce Information Center.
  -->
  <target name="dataload.idresgen">
    <mkdir dir="${wca.logger.output.dir}" />
    <delete file="${output}" quiet="true" />
    <condition property="idresgen.customizer.args"
               value=""
               else="-customizer ${idresgen.customizer}">
      <length string="${idresgen.customizer}" length="0" />
    </condition>
    <condition property="idresgen.schemaname.args"
               value=""
               else="-schemaname ${db.schema.name}">
      <length string="${db.schema.name}" length="0" />
    </condition>
    <java classname="com.ibm.wca.IdResGen.InvokeIdResGen"
          classpathref="wc.loader.class.path"
          fork="true"
          resultproperty="return.code">
      <jvmarg value="-Dcom.ibm.wca.logging.configFile=${wca.logger.config.file}" />
      <jvmarg value="-Dcom.ibm.wcm.ErrorReporterDir=${wca.logger.output.dir}" />
      <jvmarg value="-DDebug=${idresgen.debug}" />
      <arg value="-method" />
      <arg value="${idresgen.method}" />
      <arg line="${idresgen.customizer.args}" />
      <arg value="-propfile" />
      <arg value="${prop.file}" />
      <arg value="-${idresgen.input.type}" />
      <arg value="${input}" />
      <arg value="-outfile" />
      <arg value="${output}" />
      <arg value="-dbname" />
      <arg value="${db.name}" />
      <arg line="${idresgen.schemaname.args}" />
      <arg value="-dbuser" />
      <arg value="${db.user.name}" />
      <arg value="-dbpwd" />
      <arg value="${db.user.password}" />
      <arg value="-poolsize" />
      <arg value="${idresgen.poolsize}" />
      <arg value="-maxerror" />
      <arg value="${idresgen.maxerror}" />
      <arg value="-optimize" />
      <arg value="${idresgen.optimize}" />
    </java>
    <if>
      <not>
        <equals arg1="${return.code}" arg2="0" />
      </not>
      <then>
        <failNL bundle="wcbd-deploy-messages" key="ERR_IDRESGEN">
          <arg value="${wca.logger.output.dir}" />
        </failNL>
      </then>
    </if>
  </target>


  <!--
   Executes the massload utility. For more information, refer to the WebSphere
   Commerce Information Center.
  -->
  <target name="dataload.massload">
    <mkdir dir="${wca.logger.output.dir}" />
    <condition property="massload.input.arg"
               value="-directory"
               else="-infile">
      <equals arg1="${massload.method}" arg2="loadonly" />
    </condition>
    <condition property="massload.schemaname.args"
               value=""
               else="-schemaname ${db.schema.name}">
      <length string="${db.schema.name}" length="0" />
    </condition>
    <condition property="massload.customizer.args"
               value=""
               else="-customizer ${massload.customizer}">
      <length string="${massload.customizer}" length="0" />
    </condition>
    <java classname="com.ibm.wca.MassLoader.InvokeMassLoad"
          classpathref="wc.loader.class.path"
          fork="true"
          resultproperty="return.code">
      <jvmarg value="-Dcom.ibm.wca.logging.configFile=${wca.logger.config.file}" />
      <jvmarg value="-Dcom.ibm.wcm.ErrorReporterDir=${wca.logger.output.dir}" />
      <jvmarg value="-DDebug=${massload.debug}" />
      <arg value="-dbname" />
      <arg value="${db.name}" />
      <arg value="-dbuser" />
      <arg value="${db.user.name}" />
      <arg value="-dbpwd" />
      <arg value="${db.user.password}" />
      <arg value="-method" />
      <arg line="${massload.method}" />
      <arg line="${massload.input.arg}" />
      <arg line="${input}" />
      <arg value="-noprimary" />
      <arg value="${massload.noprimary}" />
      <arg line="${massload.schemaname.args}" />
      <arg value="-commitcount" />
      <arg value="${massload.commitcount}" />
      <arg value="-maxerror" />
      <arg value="${massload.maxerror}" />
      <arg line="${massload.customizer.args}" />
    </java>
    <if>
      <not>
        <equals arg1="${return.code}" arg2="0" />
      </not>
      <then>
        <failNL bundle="wcbd-deploy-messages" key="ERR_MASSLOAD">
          <arg value="${wca.logger.output.dir}" />
        </failNL>
      </then>
    </if>
  </target>


  <!--
   Copies and imports connector modules (projects) into the WCDE workspace.
  -->
  <target name="workspace.load.connector">
    <antcall target="workspace.load.module.batch">
      <param name="module.name.list" value="${connector.module.list}" />
    </antcall>
  </target>


  <!--
   Copies and imports the dataload module (project) into the WCDE workspace.
  -->
  <target name="workspace.load.data">
    <if>
      <and>
        <length string="${data.module.name}"
                length="0"
                trim="true"
                when="gt" />
        <available file="${module.dir}/${data.module.name}"
                   type="dir" />
      </and>
      <then>
        <antcall target="workspace.load.module.batch">
          <param name="module.name.list"
                 value="${data.module.name}" />
          <param name="skip.copy.targetable" value="true" />
        </antcall>
      </then>
    </if>
  </target>


  <!--
   Copies and imports the WC EAR module (project) into the WCDE workspace, and
   the EAR properties and XML files into the root properties and xml
   directories respectively.
  -->
  <target name="workspace.load.ear">

    <if>
      <and>
         <not>
            <equals arg1="${app.type.ear.project}" arg2="" />
         </not>
         <available file="${module.dir}/${app.type.ear.project}" type="dir" />
      </and>
      <then>
        <antcall target="workspace.load.module">
          <param name="module.name" value="${app.type.ear.project}" />
        </antcall>
      </then>
    </if>
  </target>


  <!--
   Copies and imports EJB modules (projects) into the WCDE workspace.
  -->
  <target name="workspace.load.ejb">
    <antcall target="workspace.load.module.batch">
      <param name="module.name.list" value="${ejb.module.list}" />
    </antcall>
  </target>


  <!--
   Copies and imports Java utility modules (projects) into the WCDE workspace.
  -->
  <target name="workspace.load.java">
    <antcall target="workspace.load.module.batch">
      <param name="module.name.list" value="${java.module.list}" />
    </antcall>
  </target>


  <!--
   Copies and imports the static web module (project) into the WCDE workspace.
  -->
  <target name="workspace.load.static.web">
    <if>
      <and>
        <length string="${static.web.module.name}"
                length="0"
                trim="true"
                when="gt" />
        <available file="${module.dir}/${static.web.module.name}"
                   type="dir" />
      </and>
      <then>
        <antcall target="workspace.load.module.batch">
          <param name="module.name.list"
                 value="${static.web.module.name}" />
        </antcall>
      </then>
    </if>
  </target>


  <!--
   Copies and imports web modules (projects) into the WCDE workspace.
  -->
  <target name="workspace.load.web">
    <antcall target="workspace.load.module.batch">
      <param name="module.name.list" value="${web.module.list}" />
    </antcall>
  </target>


  <!--
   Copies and imports modules (projects) into the workspace.
  -->
  <target name="workspace.load.module.batch">
    <foreach list="${module.name.list}"
             target="workspace.load.module"
             param="module.name"
             trim="true"
             inheritall="true"
             inheritrefs="true" />
  </target>


  <!--
   Copies and imports a module (project) into the WCDE workspace. The project
   is updated and refreshed if it already exists.
  -->
  <target name="workspace.load.module">
    <failNL bundle="wcbd-deploy-messages" key="ERR_MODULE_NOT_FOUND">
      <arg value="${module.name}" />
      <arg value="${module.dir}" />
      <condition>
        <not>
          <available file="${module.dir}/${module.name}" type="dir" />
        </not>
      </condition>
    </failNL>
    <copy todir="${wc.workspace.dir}/${module.name}"
          preservelastmodified="true"
          overwrite="true">
      <fileset dir="${module.dir}/${module.name}" />
    </copy>
    <if>
      <and>
        <istrue value="${delta.mode}" />
        <available file="${wc.workspace.dir}/${module.name}/delta-delete-includes.txt"
                   type="file" />
      </and>
      <then>
        <delete includeemptydirs="true">
          <fileset dir="${wc.workspace.dir}/${module.name}"
                   includesfile="${wc.workspace.dir}/${module.name}/delta-delete-includes.txt" />
        </delete>
      </then>
    </if>
    <if>
      <not>
        <istrue value="${skip.copy.targetable}" />
      </not>
      <then>
        <antcall target="copy.targetable">
          <param name="src.dir"
                 value="${module.dir}/${module.name}" />
          <param name="dest.dir"
                 value="${wc.workspace.dir}/${module.name}" />
        </antcall>
      </then>
    </if>
    <projectImport projectName="${module.name}" />
  </target>


  <!--
   Copies and renames the targetable files, overwriting the existing files
   with the original name.
  -->
  <target name="copy.targetable">
    <copy todir="${dest.dir}" preservelastmodified="true" overwrite="true">
      <fileset dir="${src.dir}"
               includes="**/*.targetable.${target.env}" />
      <mapper type="glob" from="*.targetable.${target.env}" to="*" />
    </copy>
    <copy todir="${dest.dir}" preservelastmodified="true" overwrite="true">
      <fileset dir="${src.dir}"
               includes="**/*.targetable.${target.env}.*" />
      <mapper type="regexp"
              from="^(.*)\.targetable\.${target.env}(\.[^.]+)$$"
              to="\1\2" />
    </copy>
  </target>


  <!--
   Deploys EJB modules (projects) in the WCDE workspace.
  -->
  <target name="workspace.ejb.deploy">
    <foreach list="${ejb.module.list}"
             target="workspace.ejb.deploy.module"
             param="module.name"
             trim="true"
             inheritall="true"
             inheritrefs="true" />
  </target>


  <!--
   Deploys an EJB module (project) in the WCDE workspace. EJB deploy errors
   are reported but the deployment process will still continue.
  -->
  <target name="workspace.ejb.deploy.module">
    <ejbDeploy EJBProject="${module.name}"
               IgnoreErrors="true"
               Quiet="true" />
  </target>


  <!--
   Performs a full WCDE workspace build. Compilation errors are reported but
   the deployment process will still continue.
  -->
  <target name="workspace.build">
    <workspaceBuild BuildType="full"
                    FailOnError="false"
                    DebugCompilation="true"
                    ShowErrors="true" />
  </target>


  <!--
   Publishes the WC application on the server.
  -->
  <target name="publish.wc.app">
    <echoNL bundle="wcbd-deploy-messages" key="PUBLISH_WC_APP" />
    <publishEar name="WebSphere Commerce Test Server"
                ear="WC"
                timeout="30" />
  </target>


  <!--
   Cleans the working directory. It is intended as a post-deployment clean-up
   task.
  -->
  <target name="clean.working.dir">
    <if>
      <istrue value="${run.clean.working.dir}" />
      <then>
        <delete dir="${working.dir}" quiet="true" />
      </then>
      <else>
        <echoSkipTarget target="clean.working.dir" />
      </else>
    </if>
  </target>


  <!--
   Prints out a message of skipping a target.
  -->
  <macrodef name="echoSkipTarget">
    <attribute name="target" />
    <sequential>
      <echoNL bundle="wcbd-deploy-messages" key="ECHO_SKIP_TARGET">
        <arg value="@{target}" />
      </echoNL>
    </sequential>
  </macrodef>

</project>
