<?xml version="1.0" encoding="UTF-8"?>

<!--
 =================================================================
  Licensed Materials - Property of IBM

  WebSphere Commerce

  (C) Copyright IBM Corp. 2007, 2015 All Rights Reserved.

  US Government Users Restricted Rights - Use, duplication or
  disclosure restricted by GSA ADP Schedule Contract with
  IBM Corp.
 =================================================================
-->

<!--
 ===============================================================================
 This Ant file is the default WCBD toolkit deployment script.
 ===============================================================================
-->

<!--
 ===============================================================================
 CUSTOMIZATION: Make a copy of this file as <project>-deploy.xml and follow the
 other CUSTOMIZATION comments in this file.
 ===============================================================================
-->
<project name="wcbd-deploy" default="all">

	<!-- DO NOT change the order of of the following load and import below -->

	<!-- Set up the timestamp for logging -->
	<tstamp>
		<format property="tstamp" pattern="yyyyMMddhhmmss" />
	</tstamp>

	<!-- Load wcbd-build-info.properties to get build info -->
	<property file="${basedir}/wcbd-build-info.properties" />

	<!-- Define WCBD tasks for validation -->
	<path id="init.wcbd.ant.class.path">
		<pathelement location="${basedir}/lib/icu4j.jar" />
		<pathelement location="${basedir}/lib/wcbd-ant.jar" />
		<!--
		 Include the folder that contains the resource bundles for messages
		 printed in the classpath
		-->
		<pathelement location="${basedir}/properties" />
	</path>

	<taskdef name="init.failNL"
	         classname="com.ibm.commerce.wcbd.ant.taskdefs.FailNL"
	         classpathref="init.wcbd.ant.class.path" />
	<taskdef name="init.validateProperty"
	         classname="com.ibm.commerce.wcbd.ant.taskdefs.ValidateProperty"
	         classpathref="init.wcbd.ant.class.path" />

	<!-- Load the required target environment properties file -->
	<init.validateProperty property="target.env" trim="true" nonempty="true" />
	<init.failNL bundle="wcbd-deploy-messages" key="ERR_FILE_NOT_FOUND">
		<arg value="${basedir}/deploy-${target.env}.properties" />
		<condition>
			<and>
				<isfalse value="${delta.mode}" />
				<not>
					<available file="${basedir}/deploy-${target.env}.properties"
					           type="file" />
				</not>
			</and>
		</condition>
	</init.failNL>
	<init.failNL bundle="wcbd-deploy-messages" key="ERR_FILE_NOT_FOUND">
		<arg value="${basedir}/delta-deploy-${target.env}.properties" />
		<condition>
			<and>
				<istrue value="${delta.mode}" />
				<not>
					<available file="${basedir}/delta-deploy-${target.env}.properties"
					           type="file" />
				</not>
			</and>
		</condition>
	</init.failNL>
	<condition property="deploy.properties.file"
	           value="${basedir}/deploy-${target.env}.properties"
	           else="${basedir}/delta-deploy-${target.env}.properties">
		<isfalse value="${delta.mode}" />
	</condition>
	<property file="${deploy.properties.file}" />

	<!--
	 Validate properties that are required for initialization
	-->
	<init.failNL bundle="wcbd-deploy-messages" key="ERR_FILE_NOT_FOUND">
		<arg value="${basedir}/deploy-${target.env}.private.properties" />
		<condition>
			<not>
				<available file="${basedir}/deploy-${target.env}.private.properties"
				           type="file" />
			</not>
		</condition>
	</init.failNL>

	<!--
	 ===========================================================================
	 CUSTOMIZATION: Import <project>-deploy-common.xml instead of
	 wcbd-deploy-common.xml if available, so targets are added and overridden as
	 per specification of the Ant <import> task.
	 ===========================================================================
	-->
	<!-- Import the WCBD common deployment Ant file -->
	<import file="${basedir}/wcbd-deploy-common.xml" />

	<!--
	 Encode, decode and load the required target environment private properties
	 file
	-->
	<encodeProperties file="${basedir}/deploy-${target.env}.private.properties" />
	<decodeLoadProperties file="${basedir}/deploy-${target.env}.private.properties" />

	<!--
	 Runs the toolkit deployment process.
	-->
	<target name="all">
		<mkdir dir="${log.dir}" />
		<ant antfile="${ant.file}" target="deploy" output="${log.file}" />
	</target>


	<!--
	 Performs the actual deployment tasks.
	-->
	<target name="deploy">
		<!--
		 =======================================================================
		 CUSTOMIZATION: Change the logic of the build process as required below
		 by modifying the <antcall> tasks, calling targets in
		 wcbd-build-common.properties and <project>-deploy-common.properties in
		 the desired sequence.
		 =======================================================================
		-->

		<!-- Set up WCALoggerConfig.xml -->
		<antcall target="setup.wca.logger" />

		<!-- Perform Cloudscape database and workspace backup -->
		<antcall target="backup" />

		<!-- Perform connection tests -->
		<antcall target="test.db" />

		<!-- Perform common dataload -->
		<antcall target="dataload.sql.common" />
		<antcall target="dataload.xml.common" />
		<antcall target="dataload.acug.common" />
		<antcall target="dataload.acp.common" />
		<antcall target="dataload.acpnls.common" />

		<!-- Perform target-specific dataload -->
		<antcall target="dataload.sql.target" />
		<antcall target="dataload.xml.target" />
		<antcall target="dataload.acug.target" />
		<antcall target="dataload.acp.target" />
		<antcall target="dataload.acpnls.target" />

		<!-- Loads modules (projects) into workspace and build -->
		<antcall target="workspace.load.connector" />
		<antcall target="workspace.load.data" />
		<antcall target="workspace.load.ear" />
		<antcall target="workspace.load.ejb" />
		<antcall target="workspace.load.java" />
		<antcall target="workspace.load.static.web" />
		<antcall target="workspace.load.web" />
		<antcall target="workspace.build" />
		<antcall target="workspace.ejb.deploy" />

		<!--
		 Load common and target-specific Data Load utility data after the
		 workspace is updated
		-->
		<antcall target="dataload.dataload.common" />
		<antcall target="dataload.dataload.target" />

		<antcall target="publish.wc.app" />

		<!-- Clean working directory -->
		<antcall target="clean.working.dir" />
	</target>

</project>
